Foundation URI,Linearization URI,Code,BlockId,Title,ClassKind,DepthInKind,IsResidual,ChapterNo,BrowserLink,isLeaf,Primary tabulation,Grouping1,Grouping2,Grouping3,Grouping4,Grouping5
http://id.who.int/icd/entity/562274788,http://id.who.int/icd/release/11/mms/562274788,,BlockL1-SK0,- Module II,block,1,False,26,browser,False,,,,,,
http://id.who.int/icd/entity/1147241349,http://id.who.int/icd/release/11/mms/1147241349,,BlockL2-SK0,- - Traditional medicine disorders (TM2),block,2,False,26,browser,False,,BlockL1-SK0,,,,
http://id.who.int/icd/entity/627880448,http://id.who.int/icd/release/11/mms/627880448,,BlockL3-SK0,"- - - Head, brain, nerve and movement disorders (TM2)",block,3,False,26,browser,False,,BlockL1-SK0,BlockL2-SK0,,,
http://id.who.int/icd/entity/1896371070,http://id.who.int/icd/release/11/mms/1896371070,,BlockL4-SK0,- - - - Headache disorders (TM2),block,4,False,26,browser,False,,BlockL1-SK0,BlockL2-SK0,BlockL3-SK0,,
http://id.who.int/icd/entity/1488428775,http://id.who.int/icd/release/11/mms/1488428775,SK00,,- - - - - Cephalalgia disorder (TM2),category,1,False,26,browser,True,False,BlockL1-SK0,BlockL2-SK0,BlockL3-SK0,,
http://id.who.int/icd/entity/2096962667,http://id.who.int/icd/release/11/mms/2096962667,SK01,,- - - - - Migraine disorder (TM2),category,1,False,26,browser,True,False,BlockL1-SK0,BlockL2-SK0,BlockL3-SK0,,
,http://id.who.int/icd/release/11/mms/1896371070/other,SK0Y,,- - - - - Other specified headache disorders (TM2),category,1,True,26,browser,True,False,BlockL1-SK0,BlockL2-SK0,BlockL3-SK0,,
,http://id.who.int/icd/release/11/mms/1896371070/unspecified,SK0Z,,"- - - - - Headache disorders (TM2), unspecified",category,1,True,26,browser,True,False,BlockL1-SK0,BlockL2-SK0,BlockL3-SK0,,
http://id.who.int/icd/entity/2072376338,http://id.who.int/icd/release/11/mms/2072376338,,BlockL4-SK1,- - - - Nervous system disorders (TM2),block,4,False,26,browser,False,,BlockL1-SK0,BlockL2-SK0,BlockL3-SK0,,
http://id.who.int/icd/entity/691174964,http://id.who.int/icd/release/11/mms/691174964,SK10,,- - - - - Vertigo and giddiness disorder (TM2),category,1,False,26,browser,True,False,BlockL1-SK0,BlockL2-SK0,BlockL3-SK0,,
,http://id.who.int/icd/release/11/mms/2072376338/other,SK1Y,,- - - - - Other specified nervous system disorders (TM2),category,1,True,26,browser,True,False,BlockL1-SK0,BlockL2-SK0,BlockL3-SK0,,
,http://id.who.int/icd/release/11/mms/2072376338/unspecified,SK1Z,,"- - - - - Nervous system disorders (TM2), unspecified",category,1,True,26,browser,True,False,BlockL1-SK0,BlockL2-SK0,BlockL3-SK0,,
http://id.who.int/icd/entity/623633507,http://id.who.int/icd/release/11/mms/623633507,,BlockL4-SK2,- - - - Paralysis disorders (TM2),block,4,False,26,browser,False,,BlockL1-SK0,BlockL2-SK0,BlockL3-SK0,,
http://id.who.int/icd/entity/673947354,http://id.who.int/icd/release/11/mms/673947354,SK20,,- - - - - Facial palsy disorder (TM2),category,1,False,26,browser,True,False,BlockL1-SK0,BlockL2-SK0,BlockL3-SK0,,
http://id.who.int/icd/entity/1338037818,http://id.who.int/icd/release/11/mms/1338037818,SK21,,- - - - - Paraplegia disorder (TM2),category,1,False,26,browser,True,False,BlockL1-SK0,BlockL2-SK0,BlockL3-SK0,,
http://id.who.int/icd/entity/559754689,http://id.who.int/icd/release/11/mms/559754689,SK22,,- - - - - Hemiplegia disorder (TM2),category,1,False,26,browser,True,False,BlockL1-SK0,BlockL2-SK0,BlockL3-SK0,,
,http://id.who.int/icd/release/11/mms/623633507/other,SK2Y,,- - - - - Other specified paralysis disorders (TM2),category,1,True,26,browser,True,False,BlockL1-SK0,BlockL2-SK0,BlockL3-SK0,,
,http://id.who.int/icd/release/11/mms/623633507/unspecified,SK2Z,,"- - - - - Paralysis disorders (TM2), unspecified",category,1,True,26,browser,True,False,BlockL1-SK0,BlockL2-SK0,BlockL3-SK0,,
http://id.who.int/icd/entity/799425295,http://id.who.int/icd/release/11/mms/799425295,,BlockL4-SK3,- - - - Paroxysmal disorders (TM2),block,4,False,26,browser,False,,BlockL1-SK0,BlockL2-SK0,BlockL3-SK0,,
http://id.who.int/icd/entity/462864539,http://id.who.int/icd/release/11/mms/462864539,SK30,,- - - - - Seizure disorder (TM2),category,1,False,26,browser,True,False,BlockL1-SK0,BlockL2-SK0,BlockL3-SK0,,
http://id.who.int/icd/entity/1630797216,http://id.who.int/icd/release/11/mms/1630797216,SK31,,- - - - - Epilepsy disorder (TM2),category,1,False,26,browser,True,False,BlockL1-SK0,BlockL2-SK0,BlockL3-SK0,,
,http://id.who.int/icd/release/11/mms/799425295/other,SK3Y,,- - - - - Other specified paroxysmal disorders (TM2),category,1,True,26,browser,True,False,BlockL1-SK0,BlockL2-SK0,BlockL3-SK0,,
,http://id.who.int/icd/release/11/mms/799425295/unspecified,SK3Z,,"- - - - - Paroxysmal disorders (TM2), unspecified",category,1,True,26,browser,True,False,BlockL1-SK0,BlockL2-SK0,BlockL3-SK0,,
http://id.who.int/icd/entity/1952938548,http://id.who.int/icd/release/11/mms/1952938548,SK50,,- - - - Scalp affliction disorder (TM2),category,1,False,26,browser,True,False,BlockL1-SK0,BlockL2-SK0,BlockL3-SK0,,
http://id.who.int/icd/entity/85602009,http://id.who.int/icd/release/11/mms/85602009,SK51,,- - - - Cervicobrachial pain disorder (TM2),category,1,False,26,browser,True,False,BlockL1-SK0,BlockL2-SK0,BlockL3-SK0,,
http://id.who.int/icd/entity/968797594,http://id.who.int/icd/release/11/mms/968797594,SK52,,- - - - Tremor disorder (TM2),category,1,False,26,browser,True,False,BlockL1-SK0,BlockL2-SK0,BlockL3-SK0,,
http://id.who.int/icd/entity/668613342,http://id.who.int/icd/release/11/mms/668613342,SK53,,- - - - Stammering disorder (TM2),category,1,False,26,browser,True,False,BlockL1-SK0,BlockL2-SK0,BlockL3-SK0,,
http://id.who.int/icd/entity/593997026,http://id.who.int/icd/release/11/mms/593997026,SK54,,- - - - Numbness disorder (TM2),category,1,False,26,browser,True,False,BlockL1-SK0,BlockL2-SK0,BlockL3-SK0,,
http://id.who.int/icd/entity/1647929877,http://id.who.int/icd/release/11/mms/1647929877,SK55,,- - - - Weakness of thighs due to vata disorder (TM2),category,1,False,26,browser,True,False,BlockL1-SK0,BlockL2-SK0,BlockL3-SK0,,
,http://id.who.int/icd/release/11/mms/627880448/other,SK5Y,,"- - - - Other specified head, brain, nerve and movement disorders (TM2)",category,1,True,26,browser,True,False,BlockL1-SK0,BlockL2-SK0,BlockL3-SK0,,
,http://id.who.int/icd/release/11/mms/627880448/unspecified,SK5Z,,"- - - - Head, brain, nerve and movement disorders (TM2), unspecified",category,1,True,26,browser,True,False,BlockL1-SK0,BlockL2-SK0,BlockL3-SK0,,
http://id.who.int/icd/entity/823901578,http://id.who.int/icd/release/11/mms/823901578,,BlockL3-SK6,"- - - Eye, ear, nose, throat and neck disorders (TM2)",block,3,False,26,browser,False,,BlockL1-SK0,BlockL2-SK0,,,
http://id.who.int/icd/entity/1249767098,http://id.who.int/icd/release/11/mms/1249767098,,BlockL4-SK6,- - - - Eye disorders (TM2),block,4,False,26,browser,False,,BlockL1-SK0,BlockL2-SK0,BlockL3-SK6,,
http://id.who.int/icd/entity/244158019,http://id.who.int/icd/release/11/mms/244158019,SK60,,- - - - - Ocular hyperemia disorder (TM2),category,1,False,26,browser,True,False,BlockL1-SK0,BlockL2-SK0,BlockL3-SK6,,
http://id.who.int/icd/entity/1064158914,http://id.who.int/icd/release/11/mms/1064158914,SK61,,- - - - - Prolapse iris disorder (TM2),category,1,False,26,browser,True,False,BlockL1-SK0,BlockL2-SK0,BlockL3-SK6,,
http://id.who.int/icd/entity/1704704031,http://id.who.int/icd/release/11/mms/1704704031,SK62,,- - - - - Blepharitis disorder (TM2),category,1,False,26,browser,True,False,BlockL1-SK0,BlockL2-SK0,BlockL3-SK6,,
http://id.who.int/icd/entity/300338510,http://id.who.int/icd/release/11/mms/300338510,SK63,,- - - - - Day blindness disorder (TM2),category,1,False,26,browser,True,False,BlockL1-SK0,BlockL2-SK0,BlockL3-SK6,,
http://id.who.int/icd/entity/1332826861,http://id.who.int/icd/release/11/mms/1332826861,SK64,,- - - - - Night blindness disorder (TM2),category,1,False,26,browser,True,False,BlockL1-SK0,BlockL2-SK0,BlockL3-SK6,,
http://id.who.int/icd/entity/569157910,http://id.who.int/icd/release/11/mms/569157910,SK65,,- - - - - Cataract disorder (TM2),category,1,False,26,browser,True,False,BlockL1-SK0,BlockL2-SK0,BlockL3-SK6,,
http://id.who.int/icd/entity/734445064,http://id.who.int/icd/release/11/mms/734445064,SK66,,- - - - - Conjunctivitis disorder (TM2),category,1,False,26,browser,True,False,BlockL1-SK0,BlockL2-SK0,BlockL3-SK6,,
http://id.who.int/icd/entity/1383132796,http://id.who.int/icd/release/11/mms/1383132796,SK67,,- - - - - Corneal disorder (TM2),category,1,False,26,browser,True,False,BlockL1-SK0,BlockL2-SK0,BlockL3-SK6,,
http://id.who.int/icd/entity/638425903,http://id.who.int/icd/release/11/mms/638425903,SK68,,- - - - - Tear sac swelling disorder (TM2),category,1,False,26,browser,True,False,BlockL1-SK0,BlockL2-SK0,BlockL3-SK6,,
http://id.who.int/icd/entity/1666834280,http://id.who.int/icd/release/11/mms/1666834280,SK69,,- - - - - Eyelid cyst disorder (TM2),category,1,False,26,browser,True,False,BlockL1-SK0,BlockL2-SK0,BlockL3-SK6,,
http://id.who.int/icd/entity/2093954772,http://id.who.int/icd/release/11/mms/2093954772,SK6A,,- - - - - Dry eye disorder (TM2),category,1,False,26,browser,True,False,BlockL1-SK0,BlockL2-SK0,BlockL3-SK6,,
http://id.who.int/icd/entity/845612393,http://id.who.int/icd/release/11/mms/845612393,SK6B,,- - - - - Ectropion disorder (TM2),category,1,False,26,browser,True,False,BlockL1-SK0,BlockL2-SK0,BlockL3-SK6,,
http://id.who.int/icd/entity/492583157,http://id.who.int/icd/release/11/mms/492583157,SK6C,,- - - - - Pterygium disorder (TM2),category,1,False,26,browser,True,False,BlockL1-SK0,BlockL2-SK0,BlockL3-SK6,,
http://id.who.int/icd/entity/1712732076,http://id.who.int/icd/release/11/mms/1712732076,SK6D,,- - - - - Lacrimation disorder (TM2),category,1,False,26,browser,True,False,BlockL1-SK0,BlockL2-SK0,BlockL3-SK6,,
http://id.who.int/icd/entity/1143150083,http://id.who.int/icd/release/11/mms/1143150083,SK6E,,- - - - - Trichiasis disorder (TM2),category,1,False,26,browser,True,False,BlockL1-SK0,BlockL2-SK0,BlockL3-SK6,,
http://id.who.int/icd/entity/735227050,http://id.who.int/icd/release/11/mms/735227050,SK6F,,- - - - - Eyelid tumour disorder (TM2),category,1,False,26,browser,True,False,BlockL1-SK0,BlockL2-SK0,BlockL3-SK6,,
http://id.who.int/icd/entity/1362647259,http://id.who.int/icd/release/11/mms/1362647259,SK6G,,- - - - - Hard swelling of eyelid disorder (TM2),category,1,False,26,browser,True,False,BlockL1-SK0,BlockL2-SK0,BlockL3-SK6,,
http://id.who.int/icd/entity/198059528,http://id.who.int/icd/release/11/mms/198059528,SK6H,,- - - - - Eyelid wart disorder (TM2),category,1,False,26,browser,True,False,BlockL1-SK0,BlockL2-SK0,BlockL3-SK6,,
http://id.who.int/icd/entity/1846905779,http://id.who.int/icd/release/11/mms/1846905779,SK6J,,- - - - - Excessive blinking disorder (TM2),category,1,False,26,browser,True,False,BlockL1-SK0,BlockL2-SK0,BlockL3-SK6,,
http://id.who.int/icd/entity/1270078591,http://id.who.int/icd/release/11/mms/1270078591,SK6K,,- - - - - Eyelid haematoma disorder (TM2),category,1,False,26,browser,True,False,BlockL1-SK0,BlockL2-SK0,BlockL3-SK6,,
http://id.who.int/icd/entity/529558368,http://id.who.int/icd/release/11/mms/529558368,SK6L,,- - - - - Ptosis disorder (TM2),category,1,False,26,browser,True,False,BlockL1-SK0,BlockL2-SK0,BlockL3-SK6,,
http://id.who.int/icd/entity/822848978,http://id.who.int/icd/release/11/mms/822848978,SK6M,,- - - - - Sticky eyelids disorder (TM2),category,1,False,26,browser,True,False,BlockL1-SK0,BlockL2-SK0,BlockL3-SK6,,
http://id.who.int/icd/entity/1273059747,http://id.who.int/icd/release/11/mms/1273059747,SK6N,,- - - - - Chalazion disorder (TM2),category,1,False,26,browser,True,False,BlockL1-SK0,BlockL2-SK0,BlockL3-SK6,,
http://id.who.int/icd/entity/978189214,http://id.who.int/icd/release/11/mms/978189214,SK6P,,- - - - - Stye disorder (TM2),category,1,False,26,browser,True,False,BlockL1-SK0,BlockL2-SK0,BlockL3-SK6,,
http://id.who.int/icd/entity/1993682290,http://id.who.int/icd/release/11/mms/1993682290,SK6Q,,- - - - - Ptilosis disorder (TM2),category,1,False,26,browser,True,False,BlockL1-SK0,BlockL2-SK0,BlockL3-SK6,,
http://id.who.int/icd/entity/1478258208,http://id.who.int/icd/release/11/mms/1478258208,SK6R,,- - - - - Non-inflammatory swelling of eye disorder (TM2),category,1,False,26,browser,True,False,BlockL1-SK0,BlockL2-SK0,BlockL3-SK6,,
http://id.who.int/icd/entity/586586735,http://id.who.int/icd/release/11/mms/586586735,SK6S,,- - - - - Periorbital polyp disorder (TM2),category,1,False,26,browser,True,False,BlockL1-SK0,BlockL2-SK0,BlockL3-SK6,,
http://id.who.int/icd/entity/914462183,http://id.who.int/icd/release/11/mms/914462183,SK6T,,- - - - - Phlyctenular nodule disorder (TM2),category,1,False,26,browser,True,False,BlockL1-SK0,BlockL2-SK0,BlockL3-SK6,,
http://id.who.int/icd/entity/636964423,http://id.who.int/icd/release/11/mms/636964423,SK6U,,- - - - - Trachoma disorder (TM2),category,1,False,26,browser,True,False,BlockL1-SK0,BlockL2-SK0,BlockL3-SK6,,
http://id.who.int/icd/entity/1093380270,http://id.who.int/icd/release/11/mms/1093380270,SK6V,,- - - - - Corneal opacity disorder (TM2),category,1,False,26,browser,True,False,BlockL1-SK0,BlockL2-SK0,BlockL3-SK6,,
http://id.who.int/icd/entity/1904639108,http://id.who.int/icd/release/11/mms/1904639108,SK6W,,- - - - - Panopthalmitis disorder (TM2),category,1,False,26,browser,True,False,BlockL1-SK0,BlockL2-SK0,BlockL3-SK6,,
http://id.who.int/icd/entity/683350676,http://id.who.int/icd/release/11/mms/683350676,SK6X,,- - - - - Phthisis bulbi disorder (TM2),category,1,False,26,browser,True,False,BlockL1-SK0,BlockL2-SK0,BlockL3-SK6,,
,http://id.who.int/icd/release/11/mms/1249767098/other,SK7Y,,- - - - - Other specified eye disorders (TM2),category,1,True,26,browser,True,False,BlockL1-SK0,BlockL2-SK0,BlockL3-SK6,,
,http://id.who.int/icd/release/11/mms/1249767098/unspecified,SK7Z,,"- - - - - Eye disorders (TM2), unspecified",category,1,True,26,browser,True,False,BlockL1-SK0,BlockL2-SK0,BlockL3-SK6,,
http://id.who.int/icd/entity/2753503,http://id.who.int/icd/release/11/mms/2753503,,BlockL4-SK8,- - - - Ear disorders (TM2),block,4,False,26,browser,False,,BlockL1-SK0,BlockL2-SK0,BlockL3-SK6,,
http://id.who.int/icd/entity/33641403,http://id.who.int/icd/release/11/mms/33641403,SK80,,- - - - - Ear abscess disorder (TM2),category,1,False,26,browser,True,False,BlockL1-SK0,BlockL2-SK0,BlockL3-SK6,,
http://id.who.int/icd/entity/1716609481,http://id.who.int/icd/release/11/mms/1716609481,SK81,,- - - - - Deafness disorder (TM2),category,1,False,26,browser,True,False,BlockL1-SK0,BlockL2-SK0,BlockL3-SK6,,
http://id.who.int/icd/entity/202033980,http://id.who.int/icd/release/11/mms/202033980,SK82,,- - - - - Otorrhoea disorder (TM2),category,1,False,26,browser,True,False,BlockL1-SK0,BlockL2-SK0,BlockL3-SK6,,
http://id.who.int/icd/entity/109538384,http://id.who.int/icd/release/11/mms/109538384,SK83,,- - - - - Pruritus of ear disorder (TM2),category,1,False,26,browser,True,False,BlockL1-SK0,BlockL2-SK0,BlockL3-SK6,,
http://id.who.int/icd/entity/1696401650,http://id.who.int/icd/release/11/mms/1696401650,SK84,,- - - - - Dysacousia disorder (TM2),category,1,False,26,browser,True,False,BlockL1-SK0,BlockL2-SK0,BlockL3-SK6,,
http://id.who.int/icd/entity/1871753118,http://id.who.int/icd/release/11/mms/1871753118,SK85,,- - - - - Impacted cerumen disorder (TM2),category,1,False,26,browser,True,False,BlockL1-SK0,BlockL2-SK0,BlockL3-SK6,,
http://id.who.int/icd/entity/2055987526,http://id.who.int/icd/release/11/mms/2055987526,SK86,,- - - - - Tinnitus disorder (TM2),category,1,False,26,browser,True,False,BlockL1-SK0,BlockL2-SK0,BlockL3-SK6,,
http://id.who.int/icd/entity/468572879,http://id.who.int/icd/release/11/mms/468572879,SK87,,- - - - - Otalgia disorder (TM2),category,1,False,26,browser,True,False,BlockL1-SK0,BlockL2-SK0,BlockL3-SK6,,
http://id.who.int/icd/entity/1702232830,http://id.who.int/icd/release/11/mms/1702232830,SK88,,- - - - - Otitis disorder (TM2),category,1,False,26,browser,True,False,BlockL1-SK0,BlockL2-SK0,BlockL3-SK6,,
http://id.who.int/icd/entity/466297143,http://id.who.int/icd/release/11/mms/466297143,SK89,,- - - - - Pustules of pinna disorder (TM2),category,1,False,26,browser,True,False,BlockL1-SK0,BlockL2-SK0,BlockL3-SK6,,
,http://id.who.int/icd/release/11/mms/2753503/other,SK8Y,,- - - - - Other specified ear disorders (TM2),category,1,True,26,browser,True,False,BlockL1-SK0,BlockL2-SK0,BlockL3-SK6,,
,http://id.who.int/icd/release/11/mms/2753503/unspecified,SK8Z,,"- - - - - Ear disorders (TM2), unspecified",category,1,True,26,browser,True,False,BlockL1-SK0,BlockL2-SK0,BlockL3-SK6,,
http://id.who.int/icd/entity/341642327,http://id.who.int/icd/release/11/mms/341642327,,BlockL4-SK9,- - - - Nose disorders (TM2),block,4,False,26,browser,False,,BlockL1-SK0,BlockL2-SK0,BlockL3-SK6,,
http://id.who.int/icd/entity/832593195,http://id.who.int/icd/release/11/mms/832593195,SK90,,- - - - - Epistaxis disorder (TM2),category,1,False,26,browser,True,False,BlockL1-SK0,BlockL2-SK0,BlockL3-SK6,,
http://id.who.int/icd/entity/1405861608,http://id.who.int/icd/release/11/mms/1405861608,SK91,,- - - - - Anosmia disorder (TM2),category,1,False,26,browser,True,False,BlockL1-SK0,BlockL2-SK0,BlockL3-SK6,,
http://id.who.int/icd/entity/1467361496,http://id.who.int/icd/release/11/mms/1467361496,SK92,,- - - - - Dry nose disorder (TM2),category,1,False,26,browser,True,False,BlockL1-SK0,BlockL2-SK0,BlockL3-SK6,,
http://id.who.int/icd/entity/1576767412,http://id.who.int/icd/release/11/mms/1576767412,SK93,,- - - - - Atrophic rhinitis disorder (TM2),category,1,False,26,browser,True,False,BlockL1-SK0,BlockL2-SK0,BlockL3-SK6,,
http://id.who.int/icd/entity/651856613,http://id.who.int/icd/release/11/mms/651856613,SK94,,- - - - - Nasal polyp disorder (TM2),category,1,False,26,browser,True,False,BlockL1-SK0,BlockL2-SK0,BlockL3-SK6,,
http://id.who.int/icd/entity/1821206400,http://id.who.int/icd/release/11/mms/1821206400,SK95,,- - - - - Rhinitis disorder (TM2),category,1,False,26,browser,True,False,BlockL1-SK0,BlockL2-SK0,BlockL3-SK6,,
http://id.who.int/icd/entity/612225920,http://id.who.int/icd/release/11/mms/612225920,SK96,,- - - - - Coryza and catarrh disorder (TM2),category,1,False,26,browser,True,False,BlockL1-SK0,BlockL2-SK0,BlockL3-SK6,,
http://id.who.int/icd/entity/528915496,http://id.who.int/icd/release/11/mms/528915496,SK97,,- - - - - Nasal obstruction disorder (TM2),category,1,False,26,browser,True,False,BlockL1-SK0,BlockL2-SK0,BlockL3-SK6,,
http://id.who.int/icd/entity/178115328,http://id.who.int/icd/release/11/mms/178115328,SK98,,- - - - - Ozaena disorder (TM2),category,1,False,26,browser,True,False,BlockL1-SK0,BlockL2-SK0,BlockL3-SK6,,
http://id.who.int/icd/entity/1349233699,http://id.who.int/icd/release/11/mms/1349233699,SK99,,- - - - - Sinusitis disorder (TM2),category,1,False,26,browser,True,False,BlockL1-SK0,BlockL2-SK0,BlockL3-SK6,,
http://id.who.int/icd/entity/697120322,http://id.who.int/icd/release/11/mms/697120322,SK9A,,- - - - - Adenoiditis disorder (TM2),category,1,False,26,browser,True,False,BlockL1-SK0,BlockL2-SK0,BlockL3-SK6,,
,http://id.who.int/icd/release/11/mms/341642327/other,SK9Y,,- - - - - Other specified nose disorders (TM2),category,1,True,26,browser,True,False,BlockL1-SK0,BlockL2-SK0,BlockL3-SK6,,
,http://id.who.int/icd/release/11/mms/341642327/unspecified,SK9Z,,"- - - - - Nose disorders (TM2), unspecified",category,1,True,26,browser,True,False,BlockL1-SK0,BlockL2-SK0,BlockL3-SK6,,
http://id.who.int/icd/entity/1857550376,http://id.who.int/icd/release/11/mms/1857550376,,BlockL4-SL0,- - - - Neck and throat disorders (TM2),block,4,False,26,browser,False,,BlockL1-SK0,BlockL2-SK0,BlockL3-SK6,,
http://id.who.int/icd/entity/512470411,http://id.who.int/icd/release/11/mms/512470411,SL00,,- - - - - Throat tumour disorder (TM2),category,1,False,26,browser,True,False,BlockL1-SK0,BlockL2-SK0,BlockL3-SK6,,
http://id.who.int/icd/entity/328631581,http://id.who.int/icd/release/11/mms/328631581,SL01,,- - - - - Retropharyngeal abscess disorder (TM2),category,1,False,26,browser,True,False,BlockL1-SK0,BlockL2-SK0,BlockL3-SK6,,
http://id.who.int/icd/entity/1293014912,http://id.who.int/icd/release/11/mms/1293014912,SL02,,- - - - - Hoarseness of voice disorder (TM2),category,1,False,26,browser,True,False,BlockL1-SK0,BlockL2-SK0,BlockL3-SK6,,
http://id.who.int/icd/entity/1736505922,http://id.who.int/icd/release/11/mms/1736505922,SL03,,- - - - - Indistinct- abnormal voice disorder (TM2),category,1,False,26,browser,True,False,BlockL1-SK0,BlockL2-SK0,BlockL3-SK6,,
http://id.who.int/icd/entity/2122024590,http://id.who.int/icd/release/11/mms/2122024590,SL04,,- - - - - Severe throat inflammation disorder (TM2),category,1,False,26,browser,True,False,BlockL1-SK0,BlockL2-SK0,BlockL3-SK6,,
http://id.who.int/icd/entity/2059800754,http://id.who.int/icd/release/11/mms/2059800754,SL05,,- - - - - Pharyngitis disorder (TM2),category,1,False,26,browser,True,False,BlockL1-SK0,BlockL2-SK0,BlockL3-SK6,,
http://id.who.int/icd/entity/510786647,http://id.who.int/icd/release/11/mms/510786647,SL06,,- - - - - Tonsillitis disorder (TM2),category,1,False,26,browser,True,False,BlockL1-SK0,BlockL2-SK0,BlockL3-SK6,,
http://id.who.int/icd/entity/1377008485,http://id.who.int/icd/release/11/mms/1377008485,SL07,,- - - - - Speech disorder (TM2),category,1,False,26,browser,True,False,BlockL1-SK0,BlockL2-SK0,BlockL3-SK6,,
http://id.who.int/icd/entity/1295619984,http://id.who.int/icd/release/11/mms/1295619984,SL08,,- - - - - Lymphadenopathy in throat region disorder (TM2),category,1,False,26,browser,True,False,BlockL1-SK0,BlockL2-SK0,BlockL3-SK6,,
http://id.who.int/icd/entity/587239726,http://id.who.int/icd/release/11/mms/587239726,SL09,,- - - - - Laryngitis disorder (TM2),category,1,False,26,browser,True,False,BlockL1-SK0,BlockL2-SK0,BlockL3-SK6,,
,http://id.who.int/icd/release/11/mms/1857550376/other,SL0Y,,- - - - - Other specified neck and throat disorders (TM2),category,1,True,26,browser,True,False,BlockL1-SK0,BlockL2-SK0,BlockL3-SK6,,
,http://id.who.int/icd/release/11/mms/1857550376/unspecified,SL0Z,,"- - - - - Neck and throat disorders (TM2), unspecified",category,1,True,26,browser,True,False,BlockL1-SK0,BlockL2-SK0,BlockL3-SK6,,
http://id.who.int/icd/entity/1000664379,http://id.who.int/icd/release/11/mms/1000664379,SL20,,- - - - Excessive sneezing disorder (TM2),category,1,False,26,browser,True,False,BlockL1-SK0,BlockL2-SK0,BlockL3-SK6,,
http://id.who.int/icd/entity/240013389,http://id.who.int/icd/release/11/mms/240013389,SL21,,- - - - Hypernasal speech disorder (TM2),category,1,False,26,browser,True,False,BlockL1-SK0,BlockL2-SK0,BlockL3-SK6,,
,http://id.who.int/icd/release/11/mms/823901578/other,SL2Y,,"- - - - Other specified eye, ear, nose, throat and neck disorders (TM2)",category,1,True,26,browser,True,False,BlockL1-SK0,BlockL2-SK0,BlockL3-SK6,,
,http://id.who.int/icd/release/11/mms/823901578/unspecified,SL2Z,,"- - - - Eye, ear, nose, throat and neck disorders (TM2), unspecified",category,1,True,26,browser,True,False,BlockL1-SK0,BlockL2-SK0,BlockL3-SK6,,
http://id.who.int/icd/entity/1274104313,http://id.who.int/icd/release/11/mms/1274104313,,BlockL3-SL4,- - - Respiratory system disorders (TM2),block,3,False,26,browser,False,,BlockL1-SK0,BlockL2-SK0,,,
http://id.who.int/icd/entity/1252530838,http://id.who.int/icd/release/11/mms/1252530838,SL40,,- - - - Bronchial asthma disorder (TM2),category,1,False,26,browser,True,False,BlockL1-SK0,BlockL2-SK0,BlockL3-SL4,,
http://id.who.int/icd/entity/1155955370,http://id.who.int/icd/release/11/mms/1155955370,SL41,,- - - - Cough disorder (TM2),category,1,False,26,browser,True,False,BlockL1-SK0,BlockL2-SK0,BlockL3-SL4,,
http://id.who.int/icd/entity/1196419841,http://id.who.int/icd/release/11/mms/1196419841,SL42,,- - - - Dyspnoea disorder (TM2),category,1,False,26,browser,True,False,BlockL1-SK0,BlockL2-SK0,BlockL3-SL4,,
,http://id.who.int/icd/release/11/mms/1274104313/other,SL4Y,,- - - - Other specified respiratory system disorders (TM2),category,1,True,26,browser,True,False,BlockL1-SK0,BlockL2-SK0,BlockL3-SL4,,
,http://id.who.int/icd/release/11/mms/1274104313/unspecified,SL4Z,,"- - - - Respiratory system disorders (TM2), unspecified",category,1,True,26,browser,True,False,BlockL1-SK0,BlockL2-SK0,BlockL3-SL4,,
http://id.who.int/icd/entity/604042066,http://id.who.int/icd/release/11/mms/604042066,,BlockL3-SL6,"- - - Heart, blood and circulatory disorders (TM2)",block,3,False,26,browser,False,,BlockL1-SK0,BlockL2-SK0,,,
http://id.who.int/icd/entity/21381775,http://id.who.int/icd/release/11/mms/21381775,,BlockL4-SL6,- - - - Heart disorders (TM2),block,4,False,26,browser,False,,BlockL1-SK0,BlockL2-SK0,BlockL3-SL6,,
http://id.who.int/icd/entity/1076215290,http://id.who.int/icd/release/11/mms/1076215290,SL60,,- - - - - Slow heart disorder (TM2),category,1,False,26,browser,True,False,BlockL1-SK0,BlockL2-SK0,BlockL3-SL6,,
http://id.who.int/icd/entity/381547252,http://id.who.int/icd/release/11/mms/381547252,SL61,,- - - - - Heart pain disorder (TM2),category,1,False,26,browser,True,False,BlockL1-SK0,BlockL2-SK0,BlockL3-SL6,,
http://id.who.int/icd/entity/1236474281,http://id.who.int/icd/release/11/mms/1236474281,SL62,,- - - - - Palpitation disorder (TM2),category,1,False,26,browser,True,False,BlockL1-SK0,BlockL2-SK0,BlockL3-SL6,,
,http://id.who.int/icd/release/11/mms/21381775/other,SL6Y,,- - - - - Other specified heart disorders (TM2),category,1,True,26,browser,True,False,BlockL1-SK0,BlockL2-SK0,BlockL3-SL6,,
,http://id.who.int/icd/release/11/mms/21381775/unspecified,SL6Z,,"- - - - - Heart disorders (TM2), unspecified",category,1,True,26,browser,True,False,BlockL1-SK0,BlockL2-SK0,BlockL3-SL6,,
http://id.who.int/icd/entity/1688071994,http://id.who.int/icd/release/11/mms/1688071994,,BlockL4-SL7,- - - - Circulatory disorders (TM2),block,4,False,26,browser,False,,BlockL1-SK0,BlockL2-SK0,BlockL3-SL6,,
http://id.who.int/icd/entity/990165161,http://id.who.int/icd/release/11/mms/990165161,SL70,,- - - - - Varicose veins disorder (TM2),category,1,False,26,browser,True,False,BlockL1-SK0,BlockL2-SK0,BlockL3-SL6,,
http://id.who.int/icd/entity/985195023,http://id.who.int/icd/release/11/mms/985195023,SL71,,- - - - - Varicose ulcer disorder (TM2),category,1,False,26,browser,True,False,BlockL1-SK0,BlockL2-SK0,BlockL3-SL6,,
http://id.who.int/icd/entity/1321572188,http://id.who.int/icd/release/11/mms/1321572188,SL72,,- - - - - Thickened arteries disorder (TM2),category,1,False,26,browser,True,False,BlockL1-SK0,BlockL2-SK0,BlockL3-SL6,,
,http://id.who.int/icd/release/11/mms/1688071994/other,SL7Y,,- - - - - Other specified circulatory disorders (TM2),category,1,True,26,browser,True,False,BlockL1-SK0,BlockL2-SK0,BlockL3-SL6,,
,http://id.who.int/icd/release/11/mms/1688071994/unspecified,SL7Z,,"- - - - - Circulatory disorders (TM2), unspecified",category,1,True,26,browser,True,False,BlockL1-SK0,BlockL2-SK0,BlockL3-SL6,,
http://id.who.int/icd/entity/1785833770,http://id.who.int/icd/release/11/mms/1785833770,,BlockL4-SL8,- - - - Blood related disorders (TM2),block,4,False,26,browser,False,,BlockL1-SK0,BlockL2-SK0,BlockL3-SL6,,
http://id.who.int/icd/entity/583544121,http://id.who.int/icd/release/11/mms/583544121,SL80,,- - - - - Anaemia disorder (TM2),category,1,False,26,browser,True,False,BlockL1-SK0,BlockL2-SK0,BlockL3-SL6,,
http://id.who.int/icd/entity/20474469,http://id.who.int/icd/release/11/mms/20474469,SL81,,- - - - - Bleeding disorder disorder (TM2),category,1,False,26,browser,True,False,BlockL1-SK0,BlockL2-SK0,BlockL3-SL6,,
,http://id.who.int/icd/release/11/mms/1785833770/other,SL8Y,,- - - - - Other specified blood related disorders (TM2),category,1,True,26,browser,True,False,BlockL1-SK0,BlockL2-SK0,BlockL3-SL6,,
,http://id.who.int/icd/release/11/mms/1785833770/unspecified,SL8Z,,"- - - - - Blood related disorders (TM2), unspecified",category,1,True,26,browser,True,False,BlockL1-SK0,BlockL2-SK0,BlockL3-SL6,,
http://id.who.int/icd/entity/1494666522,http://id.who.int/icd/release/11/mms/1494666522,SM00,,- - - - Lymphadenopathy disorder (TM2),category,1,False,26,browser,True,False,BlockL1-SK0,BlockL2-SK0,BlockL3-SL6,,
http://id.who.int/icd/entity/353597412,http://id.who.int/icd/release/11/mms/353597412,SM01,,- - - - Elephantiasis disorder (TM2),category,1,False,26,browser,True,False,BlockL1-SK0,BlockL2-SK0,BlockL3-SL6,,
,http://id.who.int/icd/release/11/mms/604042066/other,SM0Y,,"- - - - Other specified heart, blood and circulatory disorders (TM2)",category,1,True,26,browser,True,False,BlockL1-SK0,BlockL2-SK0,BlockL3-SL6,,
,http://id.who.int/icd/release/11/mms/604042066/unspecified,SM0Z,,"- - - - Heart, blood and circulatory disorders (TM2), unspecified",category,1,True,26,browser,True,False,BlockL1-SK0,BlockL2-SK0,BlockL3-SL6,,
http://id.who.int/icd/entity/1104895717,http://id.who.int/icd/release/11/mms/1104895717,,BlockL3-SM1,- - - Gastro-intestinal disorders (TM2),block,3,False,26,browser,False,,BlockL1-SK0,BlockL2-SK0,,,
http://id.who.int/icd/entity/1627131462,http://id.who.int/icd/release/11/mms/1627131462,,BlockL4-SM1,- - - - Oral cavity disorders (TM2),block,4,False,26,browser,False,,BlockL1-SK0,BlockL2-SK0,BlockL3-SM1,,
http://id.who.int/icd/entity/1918241818,http://id.who.int/icd/release/11/mms/1918241818,SM10,,- - - - - Stomatitis disorder (TM2),category,1,False,26,browser,True,False,BlockL1-SK0,BlockL2-SK0,BlockL3-SM1,,
http://id.who.int/icd/entity/716890575,http://id.who.int/icd/release/11/mms/716890575,SM11,,- - - - - Dental abscess disorder (TM2),category,1,False,26,browser,True,False,BlockL1-SK0,BlockL2-SK0,BlockL3-SM1,,
http://id.who.int/icd/entity/465030857,http://id.who.int/icd/release/11/mms/465030857,SM12,,- - - - - Bruxism disorder (TM2),category,1,False,26,browser,True,False,BlockL1-SK0,BlockL2-SK0,BlockL3-SM1,,
http://id.who.int/icd/entity/1633499832,http://id.who.int/icd/release/11/mms/1633499832,SM13,,- - - - - Pyorrhoea disorder (TM2),category,1,False,26,browser,True,False,BlockL1-SK0,BlockL2-SK0,BlockL3-SM1,,
http://id.who.int/icd/entity/2128777698,http://id.who.int/icd/release/11/mms/2128777698,SM14,,- - - - - Gingivitis disorder (TM2),category,1,False,26,browser,True,False,BlockL1-SK0,BlockL2-SK0,BlockL3-SM1,,
http://id.who.int/icd/entity/1953445518,http://id.who.int/icd/release/11/mms/1953445518,SM15,,- - - - - Halitosis disorder (TM2),category,1,False,26,browser,True,False,BlockL1-SK0,BlockL2-SK0,BlockL3-SM1,,
http://id.who.int/icd/entity/1635022934,http://id.who.int/icd/release/11/mms/1635022934,SM16,,- - - - - Sialorrhoea disorder (TM2),category,1,False,26,browser,True,False,BlockL1-SK0,BlockL2-SK0,BlockL3-SM1,,
http://id.who.int/icd/entity/1423182930,http://id.who.int/icd/release/11/mms/1423182930,SM17,,- - - - - Palatitis disorder (TM2),category,1,False,26,browser,True,False,BlockL1-SK0,BlockL2-SK0,BlockL3-SM1,,
http://id.who.int/icd/entity/491894702,http://id.who.int/icd/release/11/mms/491894702,SM18,,- - - - - Uvulitis disorder (TM2),category,1,False,26,browser,True,False,BlockL1-SK0,BlockL2-SK0,BlockL3-SM1,,
http://id.who.int/icd/entity/923541522,http://id.who.int/icd/release/11/mms/923541522,SM19,,- - - - - Ludwig’s angina disorder (TM2),category,1,False,26,browser,True,False,BlockL1-SK0,BlockL2-SK0,BlockL3-SM1,,
http://id.who.int/icd/entity/1493015227,http://id.who.int/icd/release/11/mms/1493015227,SM1A,,- - - - - Odontalgia disorder (TM2),category,1,False,26,browser,True,False,BlockL1-SK0,BlockL2-SK0,BlockL3-SM1,,
http://id.who.int/icd/entity/571961034,http://id.who.int/icd/release/11/mms/571961034,SM1B,,- - - - - Bleeding gum disorder (TM2),category,1,False,26,browser,True,False,BlockL1-SK0,BlockL2-SK0,BlockL3-SM1,,
http://id.who.int/icd/entity/490388898,http://id.who.int/icd/release/11/mms/490388898,SM1C,,- - - - - Ranula disorder (TM2),category,1,False,26,browser,True,False,BlockL1-SK0,BlockL2-SK0,BlockL3-SM1,,
http://id.who.int/icd/entity/2108588383,http://id.who.int/icd/release/11/mms/2108588383,SM1D,,- - - - - Parotitis disorder (TM2),category,1,False,26,browser,True,False,BlockL1-SK0,BlockL2-SK0,BlockL3-SM1,,
http://id.who.int/icd/entity/1461120625,http://id.who.int/icd/release/11/mms/1461120625,SM1E,,- - - - - Dental caries disorder (TM2),category,1,False,26,browser,True,False,BlockL1-SK0,BlockL2-SK0,BlockL3-SM1,,
http://id.who.int/icd/entity/61564620,http://id.who.int/icd/release/11/mms/61564620,SM1F,,- - - - - Dental plaque disorder (TM2),category,1,False,26,browser,True,False,BlockL1-SK0,BlockL2-SK0,BlockL3-SM1,,
http://id.who.int/icd/entity/118943988,http://id.who.int/icd/release/11/mms/118943988,SM1G,,- - - - - Discolouration of teeth disorder (TM2),category,1,False,26,browser,True,False,BlockL1-SK0,BlockL2-SK0,BlockL3-SM1,,
http://id.who.int/icd/entity/2113668227,http://id.who.int/icd/release/11/mms/2113668227,SM1H,,- - - - - Odontoseisis disorder (TM2),category,1,False,26,browser,True,False,BlockL1-SK0,BlockL2-SK0,BlockL3-SM1,,
http://id.who.int/icd/entity/704049524,http://id.who.int/icd/release/11/mms/704049524,SM1J,,- - - - - Sensitive teeth disorder (TM2),category,1,False,26,browser,True,False,BlockL1-SK0,BlockL2-SK0,BlockL3-SM1,,
http://id.who.int/icd/entity/1948060500,http://id.who.int/icd/release/11/mms/1948060500,SM1K,,- - - - - Lip chapping and bleeding disorder (TM2),category,1,False,26,browser,True,False,BlockL1-SK0,BlockL2-SK0,BlockL3-SM1,,
http://id.who.int/icd/entity/251133733,http://id.who.int/icd/release/11/mms/251133733,SM1L,,- - - - - Itchy swollen lip diorder (TM2),category,1,False,26,browser,True,False,BlockL1-SK0,BlockL2-SK0,BlockL3-SM1,,
http://id.who.int/icd/entity/444657837,http://id.who.int/icd/release/11/mms/444657837,SM1M,,- - - - - Dry chapped lip disorder (TM2),category,1,False,26,browser,True,False,BlockL1-SK0,BlockL2-SK0,BlockL3-SM1,,
http://id.who.int/icd/entity/1349561784,http://id.who.int/icd/release/11/mms/1349561784,SM1N,,- - - - - Xerostomia disorder (TM2),category,1,False,26,browser,True,False,BlockL1-SK0,BlockL2-SK0,BlockL3-SM1,,
http://id.who.int/icd/entity/524351110,http://id.who.int/icd/release/11/mms/524351110,SM1P,,- - - - - Ageusia disorder (TM2),category,1,False,26,browser,True,False,BlockL1-SK0,BlockL2-SK0,BlockL3-SM1,,
,http://id.who.int/icd/release/11/mms/1627131462/other,SM1Y,,- - - - - Other specified oral cavity disorders (TM2),category,1,True,26,browser,True,False,BlockL1-SK0,BlockL2-SK0,BlockL3-SM1,,
,http://id.who.int/icd/release/11/mms/1627131462/unspecified,SM1Z,,"- - - - - Oral cavity disorders (TM2), unspecified",category,1,True,26,browser,True,False,BlockL1-SK0,BlockL2-SK0,BlockL3-SM1,,
http://id.who.int/icd/entity/2137712626,http://id.who.int/icd/release/11/mms/2137712626,,BlockL4-SM3,- - - - Abdominal cavity disorders (TM2),block,4,False,26,browser,False,,BlockL1-SK0,BlockL2-SK0,BlockL3-SM1,,
http://id.who.int/icd/entity/2027662198,http://id.who.int/icd/release/11/mms/2027662198,SM30,,- - - - - Haematemesis disorder (TM2),category,1,False,26,browser,True,False,BlockL1-SK0,BlockL2-SK0,BlockL3-SM1,,
http://id.who.int/icd/entity/1886136086,http://id.who.int/icd/release/11/mms/1886136086,SM31,,- - - - - Abdominal distension disorder (TM2),category,1,False,26,browser,True,False,BlockL1-SK0,BlockL2-SK0,BlockL3-SM1,,
http://id.who.int/icd/entity/1149003012,http://id.who.int/icd/release/11/mms/1149003012,SM32,,- - - - - Ascites disorder (TM2),category,1,False,26,browser,True,False,BlockL1-SK0,BlockL2-SK0,BlockL3-SM1,,
http://id.who.int/icd/entity/1140219191,http://id.who.int/icd/release/11/mms/1140219191,SM33,,- - - - - Abdominal pain disorder (TM2),category,1,False,26,browser,True,False,BlockL1-SK0,BlockL2-SK0,BlockL3-SM1,,
http://id.who.int/icd/entity/2107958569,http://id.who.int/icd/release/11/mms/2107958569,SM34,,- - - - - Constipation disorder (TM2),category,1,False,26,browser,True,False,BlockL1-SK0,BlockL2-SK0,BlockL3-SM1,,
http://id.who.int/icd/entity/1304317005,http://id.who.int/icd/release/11/mms/1304317005,SM35,,- - - - - Volvulus disorder (TM2),category,1,False,26,browser,True,False,BlockL1-SK0,BlockL2-SK0,BlockL3-SM1,,
http://id.who.int/icd/entity/430208128,http://id.who.int/icd/release/11/mms/430208128,SM36,,- - - - - Malabsorption disorder (TM2),category,1,False,26,browser,True,False,BlockL1-SK0,BlockL2-SK0,BlockL3-SM1,,
http://id.who.int/icd/entity/213858904,http://id.who.int/icd/release/11/mms/213858904,SM37,,- - - - - Diarrhoea disorder (TM2),category,1,False,26,browser,True,False,BlockL1-SK0,BlockL2-SK0,BlockL3-SM1,,
http://id.who.int/icd/entity/1054784997,http://id.who.int/icd/release/11/mms/1054784997,SM38,,- - - - - Dysentery disorder (TM2),category,1,False,26,browser,True,False,BlockL1-SK0,BlockL2-SK0,BlockL3-SM1,,
http://id.who.int/icd/entity/1589628210,http://id.who.int/icd/release/11/mms/1589628210,SM39,,- - - - - Dyspepsia disorder (TM2),category,1,False,26,browser,True,False,BlockL1-SK0,BlockL2-SK0,BlockL3-SM1,,
http://id.who.int/icd/entity/1701691528,http://id.who.int/icd/release/11/mms/1701691528,SM3A,,- - - - - Hyperacidity disorder (TM2),category,1,False,26,browser,True,False,BlockL1-SK0,BlockL2-SK0,BlockL3-SM1,,
http://id.who.int/icd/entity/11955507,http://id.who.int/icd/release/11/mms/11955507,SM3B,,- - - - - Indigestion disorder (TM2),category,1,False,26,browser,True,False,BlockL1-SK0,BlockL2-SK0,BlockL3-SM1,,
http://id.who.int/icd/entity/1214224285,http://id.who.int/icd/release/11/mms/1214224285,SM3C,,- - - - - Food stasis indigestion disorder (TM2),category,1,False,26,browser,True,False,BlockL1-SK0,BlockL2-SK0,BlockL3-SM1,,
http://id.who.int/icd/entity/1741936461,http://id.who.int/icd/release/11/mms/1741936461,SM3D,,- - - - - Duodenal ulcer disorder (TM2),category,1,False,26,browser,True,False,BlockL1-SK0,BlockL2-SK0,BlockL3-SM1,,
http://id.who.int/icd/entity/1834905633,http://id.who.int/icd/release/11/mms/1834905633,SM3E,,- - - - - Gastric ulcer disorder (TM2),category,1,False,26,browser,True,False,BlockL1-SK0,BlockL2-SK0,BlockL3-SM1,,
http://id.who.int/icd/entity/1261400053,http://id.who.int/icd/release/11/mms/1261400053,SM3F,,- - - - - Gastritis disorder (TM2),category,1,False,26,browser,True,False,BlockL1-SK0,BlockL2-SK0,BlockL3-SM1,,
http://id.who.int/icd/entity/1811898151,http://id.who.int/icd/release/11/mms/1811898151,SM3G,,- - - - - Hernia disorder (TM2),category,1,False,26,browser,True,False,BlockL1-SK0,BlockL2-SK0,BlockL3-SM1,,
http://id.who.int/icd/entity/526277942,http://id.who.int/icd/release/11/mms/526277942,SM3H,,- - - - - Nausea disorder (TM2),category,1,False,26,browser,True,False,BlockL1-SK0,BlockL2-SK0,BlockL3-SM1,,
http://id.who.int/icd/entity/359942700,http://id.who.int/icd/release/11/mms/359942700,SM3J,,- - - - - Retching disorder (TM2),category,1,False,26,browser,True,False,BlockL1-SK0,BlockL2-SK0,BlockL3-SM1,,
http://id.who.int/icd/entity/527900632,http://id.who.int/icd/release/11/mms/527900632,SM3K,,- - - - - Abdominal lumps disorder (TM2),category,1,False,26,browser,True,False,BlockL1-SK0,BlockL2-SK0,BlockL3-SM1,,
http://id.who.int/icd/entity/1515569233,http://id.who.int/icd/release/11/mms/1515569233,SM3L,,- - - - - Vomiting disorder (TM2),category,1,False,26,browser,True,False,BlockL1-SK0,BlockL2-SK0,BlockL3-SM1,,
,http://id.who.int/icd/release/11/mms/2137712626/other,SM3Y,,- - - - - Other specified abdominal cavity disorders (TM2),category,1,True,26,browser,True,False,BlockL1-SK0,BlockL2-SK0,BlockL3-SM1,,
,http://id.who.int/icd/release/11/mms/2137712626/unspecified,SM3Z,,"- - - - - Abdominal cavity disorders (TM2), unspecified",category,1,True,26,browser,True,False,BlockL1-SK0,BlockL2-SK0,BlockL3-SM1,,
http://id.who.int/icd/entity/1978089630,http://id.who.int/icd/release/11/mms/1978089630,,BlockL4-SM4,- - - - Liver and Spleen disorders (TM2),block,4,False,26,browser,False,,BlockL1-SK0,BlockL2-SK0,BlockL3-SM1,,
http://id.who.int/icd/entity/2021399300,http://id.who.int/icd/release/11/mms/2021399300,SM40,,- - - - - Liver abscess disorder (TM2),category,1,False,26,browser,True,False,BlockL1-SK0,BlockL2-SK0,BlockL3-SM1,,
http://id.who.int/icd/entity/2032525894,http://id.who.int/icd/release/11/mms/2032525894,SM41,,- - - - - Jaundice disorder (TM2),category,1,False,26,browser,True,False,BlockL1-SK0,BlockL2-SK0,BlockL3-SM1,,
http://id.who.int/icd/entity/1036498146,http://id.who.int/icd/release/11/mms/1036498146,SM42,,- - - - - Hepatomegaly disorder (TM2),category,1,False,26,browser,True,False,BlockL1-SK0,BlockL2-SK0,BlockL3-SM1,,
http://id.who.int/icd/entity/964305630,http://id.who.int/icd/release/11/mms/964305630,SM43,,- - - - - Hepatitis disorder (TM2),category,1,False,26,browser,True,False,BlockL1-SK0,BlockL2-SK0,BlockL3-SM1,,
http://id.who.int/icd/entity/1186215023,http://id.who.int/icd/release/11/mms/1186215023,SM44,,- - - - - Splenomegaly disorder (TM2),category,1,False,26,browser,True,False,BlockL1-SK0,BlockL2-SK0,BlockL3-SM1,,
,http://id.who.int/icd/release/11/mms/1978089630/other,SM4Y,,- - - - - Other specified liver and Spleen disorders (TM2),category,1,True,26,browser,True,False,BlockL1-SK0,BlockL2-SK0,BlockL3-SM1,,
,http://id.who.int/icd/release/11/mms/1978089630/unspecified,SM4Z,,"- - - - - Liver and Spleen disorders (TM2), unspecified",category,1,True,26,browser,True,False,BlockL1-SK0,BlockL2-SK0,BlockL3-SM1,,
http://id.who.int/icd/entity/1901778594,http://id.who.int/icd/release/11/mms/1901778594,,BlockL4-SM5,- - - - Anorectal disorders (TM2),block,4,False,26,browser,False,,BlockL1-SK0,BlockL2-SK0,BlockL3-SM1,,
http://id.who.int/icd/entity/841741921,http://id.who.int/icd/release/11/mms/841741921,SM50,,- - - - - Proctalgia disorder (TM2),category,1,False,26,browser,True,False,BlockL1-SK0,BlockL2-SK0,BlockL3-SM1,,
http://id.who.int/icd/entity/1662149539,http://id.who.int/icd/release/11/mms/1662149539,SM51,,- - - - - Anal fissure disorder (TM2),category,1,False,26,browser,True,False,BlockL1-SK0,BlockL2-SK0,BlockL3-SM1,,
http://id.who.int/icd/entity/435722194,http://id.who.int/icd/release/11/mms/435722194,SM52,,- - - - - Fistula in ano disorder (TM2),category,1,False,26,browser,True,False,BlockL1-SK0,BlockL2-SK0,BlockL3-SM1,,
http://id.who.int/icd/entity/1616349688,http://id.who.int/icd/release/11/mms/1616349688,SM53,,- - - - - Haemorrhoids disorder (TM2),category,1,False,26,browser,True,False,BlockL1-SK0,BlockL2-SK0,BlockL3-SM1,,
http://id.who.int/icd/entity/2061540355,http://id.who.int/icd/release/11/mms/2061540355,SM54,,- - - - - Proctitis disorder (TM2),category,1,False,26,browser,True,False,BlockL1-SK0,BlockL2-SK0,BlockL3-SM1,,
http://id.who.int/icd/entity/1086007413,http://id.who.int/icd/release/11/mms/1086007413,SM55,,- - - - - Rectal prolapse disorder (TM2),category,1,False,26,browser,True,False,BlockL1-SK0,BlockL2-SK0,BlockL3-SM1,,
http://id.who.int/icd/entity/1341223511,http://id.who.int/icd/release/11/mms/1341223511,SM56,,- - - - - Anal abscess disorder (TM2),category,1,False,26,browser,True,False,BlockL1-SK0,BlockL2-SK0,BlockL3-SM1,,
,http://id.who.int/icd/release/11/mms/1901778594/other,SM5Y,,- - - - - Other specified anorectal disorders (TM2),category,1,True,26,browser,True,False,BlockL1-SK0,BlockL2-SK0,BlockL3-SM1,,
,http://id.who.int/icd/release/11/mms/1901778594/unspecified,SM5Z,,"- - - - - Anorectal disorders (TM2), unspecified",category,1,True,26,browser,True,False,BlockL1-SK0,BlockL2-SK0,BlockL3-SM1,,
http://id.who.int/icd/entity/1759348926,http://id.who.int/icd/release/11/mms/1759348926,SM70,,- - - - Flank pain disorder (TM2),category,1,False,26,browser,True,False,BlockL1-SK0,BlockL2-SK0,BlockL3-SM1,,
http://id.who.int/icd/entity/1289319696,http://id.who.int/icd/release/11/mms/1289319696,SM71,,- - - - Anorexia disorder (TM2),category,1,False,26,browser,True,False,BlockL1-SK0,BlockL2-SK0,BlockL3-SM1,,
http://id.who.int/icd/entity/1450947418,http://id.who.int/icd/release/11/mms/1450947418,SM72,,- - - - Bowel inflammation disorder (TM2),category,1,False,26,browser,True,False,BlockL1-SK0,BlockL2-SK0,BlockL3-SM1,,
http://id.who.int/icd/entity/1767268402,http://id.who.int/icd/release/11/mms/1767268402,SM73,,- - - - Infantile tenesmus disorder (TM2),category,1,False,26,browser,True,False,BlockL1-SK0,BlockL2-SK0,BlockL3-SM1,,
http://id.who.int/icd/entity/1290811390,http://id.who.int/icd/release/11/mms/1290811390,SM74,,- - - - Hiccough disorder (TM2),category,1,False,26,browser,True,False,BlockL1-SK0,BlockL2-SK0,BlockL3-SM1,,
http://id.who.int/icd/entity/460984650,http://id.who.int/icd/release/11/mms/460984650,SM75,,- - - - Dynamic intestinal obstruction disorder (TM2),category,1,False,26,browser,True,False,BlockL1-SK0,BlockL2-SK0,BlockL3-SM1,,
http://id.who.int/icd/entity/837500040,http://id.who.int/icd/release/11/mms/837500040,SM76,,- - - - Severe vomiting and diarrhoea disorder (TM2),category,1,False,26,browser,True,False,BlockL1-SK0,BlockL2-SK0,BlockL3-SM1,,
,http://id.who.int/icd/release/11/mms/1104895717/other,SM7Y,,- - - - Other specified gastro-intestinal disorders (TM2),category,1,True,26,browser,True,False,BlockL1-SK0,BlockL2-SK0,BlockL3-SM1,,
,http://id.who.int/icd/release/11/mms/1104895717/unspecified,SM7Z,,"- - - - Gastro-intestinal disorders (TM2), unspecified",category,1,True,26,browser,True,False,BlockL1-SK0,BlockL2-SK0,BlockL3-SM1,,
http://id.who.int/icd/entity/1542941233,http://id.who.int/icd/release/11/mms/1542941233,,BlockL3-SM8,- - - Urinary and reproductive system disorders (TM2),block,3,False,26,browser,False,,BlockL1-SK0,BlockL2-SK0,,,
http://id.who.int/icd/entity/344029973,http://id.who.int/icd/release/11/mms/344029973,,BlockL4-SM8,- - - - Urinary system disorders (TM2),block,4,False,26,browser,False,,BlockL1-SK0,BlockL2-SK0,BlockL3-SM8,,
http://id.who.int/icd/entity/305626317,http://id.who.int/icd/release/11/mms/305626317,SM80,,- - - - - Renal abscess disorder (TM2),category,1,False,26,browser,True,False,BlockL1-SK0,BlockL2-SK0,BlockL3-SM8,,
http://id.who.int/icd/entity/198305416,http://id.who.int/icd/release/11/mms/198305416,SM81,,- - - - - Retention of urine disorder (TM2),category,1,False,26,browser,True,False,BlockL1-SK0,BlockL2-SK0,BlockL3-SM8,,
http://id.who.int/icd/entity/340201268,http://id.who.int/icd/release/11/mms/340201268,SM82,,- - - - - Insufficiency of the urinary bladder disorder (TM2),category,1,False,26,browser,True,False,BlockL1-SK0,BlockL2-SK0,BlockL3-SM8,,
http://id.who.int/icd/entity/165944656,http://id.who.int/icd/release/11/mms/165944656,SM83,,- - - - - Renal colic disorder (TM2),category,1,False,26,browser,True,False,BlockL1-SK0,BlockL2-SK0,BlockL3-SM8,,
http://id.who.int/icd/entity/840913416,http://id.who.int/icd/release/11/mms/840913416,SM84,,- - - - - Nephritis disorder (TM2),category,1,False,26,browser,True,False,BlockL1-SK0,BlockL2-SK0,BlockL3-SM8,,
http://id.who.int/icd/entity/599936478,http://id.who.int/icd/release/11/mms/599936478,SM85,,- - - - - Cystitis disorder (TM2),category,1,False,26,browser,True,False,BlockL1-SK0,BlockL2-SK0,BlockL3-SM8,,
http://id.who.int/icd/entity/1495841197,http://id.who.int/icd/release/11/mms/1495841197,SM86,,- - - - - Wound of the urinary bladder disorder (TM2),category,1,False,26,browser,True,False,BlockL1-SK0,BlockL2-SK0,BlockL3-SM8,,
http://id.who.int/icd/entity/1570058131,http://id.who.int/icd/release/11/mms/1570058131,SM87,,- - - - - Dysuria disorder (TM2),category,1,False,26,browser,True,False,BlockL1-SK0,BlockL2-SK0,BlockL3-SM8,,
http://id.who.int/icd/entity/1937059347,http://id.who.int/icd/release/11/mms/1937059347,SM88,,- - - - - Dribbling of urine disorder (TM2),category,1,False,26,browser,True,False,BlockL1-SK0,BlockL2-SK0,BlockL3-SM8,,
http://id.who.int/icd/entity/1882244168,http://id.who.int/icd/release/11/mms/1882244168,SM89,,- - - - - Thick urine disorder (TM2),category,1,False,26,browser,True,False,BlockL1-SK0,BlockL2-SK0,BlockL3-SM8,,
http://id.who.int/icd/entity/782160949,http://id.who.int/icd/release/11/mms/782160949,SM8A,,- - - - - Haematuria disorder (TM2),category,1,False,26,browser,True,False,BlockL1-SK0,BlockL2-SK0,BlockL3-SM8,,
http://id.who.int/icd/entity/605254489,http://id.who.int/icd/release/11/mms/605254489,SM8B,,- - - - - Urinary incontinence disorder (TM2),category,1,False,26,browser,True,False,BlockL1-SK0,BlockL2-SK0,BlockL3-SM8,,
http://id.who.int/icd/entity/8312245,http://id.who.int/icd/release/11/mms/8312245,SM8C,,- - - - - Urinary stone disorder (TM2),category,1,False,26,browser,True,False,BlockL1-SK0,BlockL2-SK0,BlockL3-SM8,,
http://id.who.int/icd/entity/1280110553,http://id.who.int/icd/release/11/mms/1280110553,SM8D,,- - - - - Polyuria disorder (TM2),category,1,False,26,browser,True,False,BlockL1-SK0,BlockL2-SK0,BlockL3-SM8,,
http://id.who.int/icd/entity/358980461,http://id.who.int/icd/release/11/mms/358980461,SM8E,,- - - - - Oliguria disorder (TM2),category,1,False,26,browser,True,False,BlockL1-SK0,BlockL2-SK0,BlockL3-SM8,,
,http://id.who.int/icd/release/11/mms/344029973/other,SM8Y,,- - - - - Other specified urinary system disorders (TM2),category,1,True,26,browser,True,False,BlockL1-SK0,BlockL2-SK0,BlockL3-SM8,,
,http://id.who.int/icd/release/11/mms/344029973/unspecified,SM8Z,,"- - - - - Urinary system disorders (TM2), unspecified",category,1,True,26,browser,True,False,BlockL1-SK0,BlockL2-SK0,BlockL3-SM8,,
http://id.who.int/icd/entity/1076641430,http://id.who.int/icd/release/11/mms/1076641430,,BlockL4-SM9,- - - - Female Reproductive System disorders (TM2),block,4,False,26,browser,False,,BlockL1-SK0,BlockL2-SK0,BlockL3-SM8,,
http://id.who.int/icd/entity/2110178918,http://id.who.int/icd/release/11/mms/2110178918,SM90,,- - - - - Amenorrhoea disorder (TM2),category,1,False,26,browser,True,False,BlockL1-SK0,BlockL2-SK0,BlockL3-SM8,,
http://id.who.int/icd/entity/1798710974,http://id.who.int/icd/release/11/mms/1798710974,SM91,,- - - - - Endocervicitis disorder (TM2),category,1,False,26,browser,True,False,BlockL1-SK0,BlockL2-SK0,BlockL3-SM8,,
http://id.who.int/icd/entity/1639678418,http://id.who.int/icd/release/11/mms/1639678418,SM92,,- - - - - Bartholin's cyst disorder (TM2),category,1,False,26,browser,True,False,BlockL1-SK0,BlockL2-SK0,BlockL3-SM8,,
http://id.who.int/icd/entity/2116905062,http://id.who.int/icd/release/11/mms/2116905062,SM93,,- - - - - Leucorrhoea disorder (TM2),category,1,False,26,browser,True,False,BlockL1-SK0,BlockL2-SK0,BlockL3-SM8,,
http://id.who.int/icd/entity/1956695818,http://id.who.int/icd/release/11/mms/1956695818,SM94,,- - - - - Female infertility disorder (TM2),category,1,False,26,browser,True,False,BlockL1-SK0,BlockL2-SK0,BlockL3-SM8,,
http://id.who.int/icd/entity/2658295,http://id.who.int/icd/release/11/mms/2658295,SM95,,- - - - - Vaginitis disorder (TM2),category,1,False,26,browser,True,False,BlockL1-SK0,BlockL2-SK0,BlockL3-SM8,,
http://id.who.int/icd/entity/590014910,http://id.who.int/icd/release/11/mms/590014910,SM96,,- - - - - Dysmenorrhoea disorder (TM2),category,1,False,26,browser,True,False,BlockL1-SK0,BlockL2-SK0,BlockL3-SM8,,
http://id.who.int/icd/entity/992209794,http://id.who.int/icd/release/11/mms/992209794,SM97,,- - - - - Hypomenorrhoea disorder (TM2),category,1,False,26,browser,True,False,BlockL1-SK0,BlockL2-SK0,BlockL3-SM8,,
http://id.who.int/icd/entity/1258745981,http://id.who.int/icd/release/11/mms/1258745981,SM98,,- - - - - Dysfunctional uterine bleeding disorder (TM2),category,1,False,26,browser,True,False,BlockL1-SK0,BlockL2-SK0,BlockL3-SM8,,
http://id.who.int/icd/entity/1850040097,http://id.who.int/icd/release/11/mms/1850040097,SM99,,- - - - - Uterine polyps disorder (TM2),category,1,False,26,browser,True,False,BlockL1-SK0,BlockL2-SK0,BlockL3-SM8,,
http://id.who.int/icd/entity/194966166,http://id.who.int/icd/release/11/mms/194966166,SM9A,,- - - - - Uterine prolapse disorder (TM2),category,1,False,26,browser,True,False,BlockL1-SK0,BlockL2-SK0,BlockL3-SM8,,
http://id.who.int/icd/entity/1386452098,http://id.who.int/icd/release/11/mms/1386452098,SM9B,,- - - - - Vaginismus disorder (TM2),category,1,False,26,browser,True,False,BlockL1-SK0,BlockL2-SK0,BlockL3-SM8,,
http://id.who.int/icd/entity/139848287,http://id.who.int/icd/release/11/mms/139848287,SM9C,,- - - - - Metritis disorder (TM2),category,1,False,26,browser,True,False,BlockL1-SK0,BlockL2-SK0,BlockL3-SM8,,
,http://id.who.int/icd/release/11/mms/1076641430/other,SM9Y,,- - - - - Other specified female Reproductive System disorders (TM2),category,1,True,26,browser,True,False,BlockL1-SK0,BlockL2-SK0,BlockL3-SM8,,
,http://id.who.int/icd/release/11/mms/1076641430/unspecified,SM9Z,,"- - - - - Female Reproductive System disorders (TM2), unspecified",category,1,True,26,browser,True,False,BlockL1-SK0,BlockL2-SK0,BlockL3-SM8,,
http://id.who.int/icd/entity/1252104698,http://id.who.int/icd/release/11/mms/1252104698,,BlockL4-SN0,- - - - Male Reproductive System disorders (TM2),block,4,False,26,browser,False,,BlockL1-SK0,BlockL2-SK0,BlockL3-SM8,,
http://id.who.int/icd/entity/404581329,http://id.who.int/icd/release/11/mms/404581329,SN00,,- - - - - Balanitis disorder (TM2),category,1,False,26,browser,True,False,BlockL1-SK0,BlockL2-SK0,BlockL3-SM8,,
http://id.who.int/icd/entity/1389908912,http://id.who.int/icd/release/11/mms/1389908912,SN01,,- - - - - Hydrocele disorder (TM2),category,1,False,26,browser,True,False,BlockL1-SK0,BlockL2-SK0,BlockL3-SM8,,
http://id.who.int/icd/entity/594866573,http://id.who.int/icd/release/11/mms/594866573,SN02,,- - - - - Erectile dysfunction disorder (TM2),category,1,False,26,browser,True,False,BlockL1-SK0,BlockL2-SK0,BlockL3-SM8,,
http://id.who.int/icd/entity/207552813,http://id.who.int/icd/release/11/mms/207552813,SN03,,- - - - - Oligospermia disorder (TM2),category,1,False,26,browser,True,False,BlockL1-SK0,BlockL2-SK0,BlockL3-SM8,,
http://id.who.int/icd/entity/114468417,http://id.who.int/icd/release/11/mms/114468417,SN04,,- - - - - Mustard- size boils on penis disorder (TM2),category,1,False,26,browser,True,False,BlockL1-SK0,BlockL2-SK0,BlockL3-SM8,,
http://id.who.int/icd/entity/742624129,http://id.who.int/icd/release/11/mms/742624129,SN05,,- - - - - Orchitis disorder (TM2),category,1,False,26,browser,True,False,BlockL1-SK0,BlockL2-SK0,BlockL3-SM8,,
http://id.who.int/icd/entity/644455581,http://id.who.int/icd/release/11/mms/644455581,SN06,,- - - - - Penile growth disorder (TM2),category,1,False,26,browser,True,False,BlockL1-SK0,BlockL2-SK0,BlockL3-SM8,,
http://id.who.int/icd/entity/1877747555,http://id.who.int/icd/release/11/mms/1877747555,SN07,,- - - - - Priapism disorder (TM2),category,1,False,26,browser,True,False,BlockL1-SK0,BlockL2-SK0,BlockL3-SM8,,
http://id.who.int/icd/entity/1800515933,http://id.who.int/icd/release/11/mms/1800515933,SN08,,- - - - - Prostatic enlargement disorder (TM2),category,1,False,26,browser,True,False,BlockL1-SK0,BlockL2-SK0,BlockL3-SM8,,
http://id.who.int/icd/entity/1169273053,http://id.who.int/icd/release/11/mms/1169273053,SN09,,- - - - - Spermatorrhoea disorder (TM2),category,1,False,26,browser,True,False,BlockL1-SK0,BlockL2-SK0,BlockL3-SM8,,
http://id.who.int/icd/entity/375446588,http://id.who.int/icd/release/11/mms/375446588,SN0A,,- - - - - Phimosis disorder (TM2),category,1,False,26,browser,True,False,BlockL1-SK0,BlockL2-SK0,BlockL3-SM8,,
,http://id.who.int/icd/release/11/mms/1252104698/other,SN0Y,,- - - - - Other specified male Reproductive System disorders (TM2),category,1,True,26,browser,True,False,BlockL1-SK0,BlockL2-SK0,BlockL3-SM8,,
,http://id.who.int/icd/release/11/mms/1252104698/unspecified,SN0Z,,"- - - - - Male Reproductive System disorders (TM2), unspecified",category,1,True,26,browser,True,False,BlockL1-SK0,BlockL2-SK0,BlockL3-SM8,,
http://id.who.int/icd/entity/1429696590,http://id.who.int/icd/release/11/mms/1429696590,,BlockL4-SN1,- - - - Pregnancy and childbirth related disorders (TM2),block,4,False,26,browser,False,,BlockL1-SK0,BlockL2-SK0,BlockL3-SM8,,
http://id.who.int/icd/entity/480312815,http://id.who.int/icd/release/11/mms/480312815,SN10,,- - - - - Decreased breastmilk disorder (TM2),category,1,False,26,browser,True,False,BlockL1-SK0,BlockL2-SK0,BlockL3-SM8,,
http://id.who.int/icd/entity/412899090,http://id.who.int/icd/release/11/mms/412899090,SN11,,- - - - - Vitiated breast milk disorder (TM2),category,1,False,26,browser,True,False,BlockL1-SK0,BlockL2-SK0,BlockL3-SM8,,
http://id.who.int/icd/entity/313933836,http://id.who.int/icd/release/11/mms/313933836,SN12,,- - - - - Recurrent pregnancy loss disorder (TM2),category,1,False,26,browser,True,False,BlockL1-SK0,BlockL2-SK0,BlockL3-SM8,,
,http://id.who.int/icd/release/11/mms/1429696590/other,SN1Y,,- - - - - Other specified pregnancy and childbirth related disorders (TM2),category,1,True,26,browser,True,False,BlockL1-SK0,BlockL2-SK0,BlockL3-SM8,,
,http://id.who.int/icd/release/11/mms/1429696590/unspecified,SN1Z,,"- - - - - Pregnancy and childbirth related disorders (TM2), unspecified",category,1,True,26,browser,True,False,BlockL1-SK0,BlockL2-SK0,BlockL3-SM8,,
http://id.who.int/icd/entity/1110925902,http://id.who.int/icd/release/11/mms/1110925902,SN30,,- - - - Gonorrhoea disorder (TM2),category,1,False,26,browser,True,False,BlockL1-SK0,BlockL2-SK0,BlockL3-SM8,,
http://id.who.int/icd/entity/1721348227,http://id.who.int/icd/release/11/mms/1721348227,SN31,,- - - - Syphillis disorder (TM2),category,1,False,26,browser,True,False,BlockL1-SK0,BlockL2-SK0,BlockL3-SM8,,
,http://id.who.int/icd/release/11/mms/1542941233/other,SN3Y,,- - - - Other specified urinary and reproductive system disorders (TM2),category,1,True,26,browser,True,False,BlockL1-SK0,BlockL2-SK0,BlockL3-SM8,,
,http://id.who.int/icd/release/11/mms/1542941233/unspecified,SN3Z,,"- - - - Urinary and reproductive system disorders (TM2), unspecified",category,1,True,26,browser,True,False,BlockL1-SK0,BlockL2-SK0,BlockL3-SM8,,
http://id.who.int/icd/entity/1367002461,http://id.who.int/icd/release/11/mms/1367002461,,BlockL3-SN4,"- - - Skin, nail and hair disorders (TM2)",block,3,False,26,browser,False,,BlockL1-SK0,BlockL2-SK0,,,
http://id.who.int/icd/entity/1606080290,http://id.who.int/icd/release/11/mms/1606080290,,BlockL4-SN4,- - - - Skin disorders (TM2),block,4,False,26,browser,False,,BlockL1-SK0,BlockL2-SK0,BlockL3-SN4,,
http://id.who.int/icd/entity/1447062984,http://id.who.int/icd/release/11/mms/1447062984,SN40,,- - - - - Dermatitis disorder (TM2),category,1,False,26,browser,True,False,BlockL1-SK0,BlockL2-SK0,BlockL3-SN4,,
http://id.who.int/icd/entity/1094833941,http://id.who.int/icd/release/11/mms/1094833941,SN41,,- - - - - Discoloration of body disorder (TM2),category,1,False,26,browser,True,False,BlockL1-SK0,BlockL2-SK0,BlockL3-SN4,,
http://id.who.int/icd/entity/1166509593,http://id.who.int/icd/release/11/mms/1166509593,SN42,,- - - - - Dryness of skin disorder (TM2),category,1,False,26,browser,True,False,BlockL1-SK0,BlockL2-SK0,BlockL3-SN4,,
http://id.who.int/icd/entity/295973128,http://id.who.int/icd/release/11/mms/295973128,SN43,,- - - - - Eczema disorder (TM2),category,1,False,26,browser,True,False,BlockL1-SK0,BlockL2-SK0,BlockL3-SN4,,
http://id.who.int/icd/entity/1222320114,http://id.who.int/icd/release/11/mms/1222320114,SN44,,- - - - - Foul body smelling disorder (TM2),category,1,False,26,browser,True,False,BlockL1-SK0,BlockL2-SK0,BlockL3-SN4,,
http://id.who.int/icd/entity/1931497642,http://id.who.int/icd/release/11/mms/1931497642,SN45,,- - - - - Excess of sweat disorder (TM2),category,1,False,26,browser,True,False,BlockL1-SK0,BlockL2-SK0,BlockL3-SN4,,
http://id.who.int/icd/entity/1715150450,http://id.who.int/icd/release/11/mms/1715150450,SN46,,- - - - - Scabies disorder (TM2),category,1,False,26,browser,True,False,BlockL1-SK0,BlockL2-SK0,BlockL3-SN4,,
http://id.who.int/icd/entity/1020092589,http://id.who.int/icd/release/11/mms/1020092589,SN47,,- - - - - Dracunculosis disorder (TM2),category,1,False,26,browser,True,False,BlockL1-SK0,BlockL2-SK0,BlockL3-SN4,,
http://id.who.int/icd/entity/1660768124,http://id.who.int/icd/release/11/mms/1660768124,SN48,,- - - - - Intertrigo disorder (TM2),category,1,False,26,browser,True,False,BlockL1-SK0,BlockL2-SK0,BlockL3-SN4,,
http://id.who.int/icd/entity/920582243,http://id.who.int/icd/release/11/mms/920582243,SN49,,- - - - - Integumentary disorder (TM2),category,1,False,26,browser,True,False,BlockL1-SK0,BlockL2-SK0,BlockL3-SN4,,
http://id.who.int/icd/entity/1012096783,http://id.who.int/icd/release/11/mms/1012096783,SN4A,,- - - - - Psoriasis disorder (TM2),category,1,False,26,browser,True,False,BlockL1-SK0,BlockL2-SK0,BlockL3-SN4,,
http://id.who.int/icd/entity/406780387,http://id.who.int/icd/release/11/mms/406780387,SN4B,,- - - - - Ichthyosis disorder (TM2),category,1,False,26,browser,True,False,BlockL1-SK0,BlockL2-SK0,BlockL3-SN4,,
http://id.who.int/icd/entity/1120438080,http://id.who.int/icd/release/11/mms/1120438080,SN4C,,- - - - - Scaling of scalp and forehead skin disorder (TM2),category,1,False,26,browser,True,False,BlockL1-SK0,BlockL2-SK0,BlockL3-SN4,,
http://id.who.int/icd/entity/655567499,http://id.who.int/icd/release/11/mms/655567499,SN4D,,- - - - - Vitiligo disorder (TM2),category,1,False,26,browser,True,False,BlockL1-SK0,BlockL2-SK0,BlockL3-SN4,,
http://id.who.int/icd/entity/2133870995,http://id.who.int/icd/release/11/mms/2133870995,SN4E,,- - - - - Lentigo disorder (TM2),category,1,False,26,browser,True,False,BlockL1-SK0,BlockL2-SK0,BlockL3-SN4,,
http://id.who.int/icd/entity/245164974,http://id.who.int/icd/release/11/mms/245164974,SN4F,,- - - - - Birth mark - blackish red disorder (TM2),category,1,False,26,browser,True,False,BlockL1-SK0,BlockL2-SK0,BlockL3-SN4,,
http://id.who.int/icd/entity/28021156,http://id.who.int/icd/release/11/mms/28021156,SN4G,,- - - - - Melasma disorder (TM2),category,1,False,26,browser,True,False,BlockL1-SK0,BlockL2-SK0,BlockL3-SN4,,
http://id.who.int/icd/entity/187053776,http://id.who.int/icd/release/11/mms/187053776,SN4H,,- - - - - Mole disorder (TM2),category,1,False,26,browser,True,False,BlockL1-SK0,BlockL2-SK0,BlockL3-SN4,,
http://id.who.int/icd/entity/193038014,http://id.who.int/icd/release/11/mms/193038014,SN4J,,- - - - - Black red skin lesion disorder (TM2),category,1,False,26,browser,True,False,BlockL1-SK0,BlockL2-SK0,BlockL3-SN4,,
http://id.who.int/icd/entity/1967864905,http://id.who.int/icd/release/11/mms/1967864905,SN4K,,- - - - - Urticaria disorder (TM2),category,1,False,26,browser,True,False,BlockL1-SK0,BlockL2-SK0,BlockL3-SN4,,
http://id.who.int/icd/entity/2114808325,http://id.who.int/icd/release/11/mms/2114808325,SN4L,,- - - - - Wheal disorder (TM2),category,1,False,26,browser,True,False,BlockL1-SK0,BlockL2-SK0,BlockL3-SN4,,
http://id.who.int/icd/entity/1361484453,http://id.who.int/icd/release/11/mms/1361484453,SN4M,,- - - - - Boil disorder (TM2),category,1,False,26,browser,True,False,BlockL1-SK0,BlockL2-SK0,BlockL3-SN4,,
http://id.who.int/icd/entity/2075637605,http://id.who.int/icd/release/11/mms/2075637605,SN4N,,- - - - - Prickly heat disorder (TM2),category,1,False,26,browser,True,False,BlockL1-SK0,BlockL2-SK0,BlockL3-SN4,,
http://id.who.int/icd/entity/2064647957,http://id.who.int/icd/release/11/mms/2064647957,SN4P,,- - - - - Pemphigus vulgaris disorder (TM2),category,1,False,26,browser,True,False,BlockL1-SK0,BlockL2-SK0,BlockL3-SN4,,
http://id.who.int/icd/entity/189225144,http://id.who.int/icd/release/11/mms/189225144,SN4Q,,- - - - - Scar marks disorder (TM2),category,1,False,26,browser,True,False,BlockL1-SK0,BlockL2-SK0,BlockL3-SN4,,
http://id.who.int/icd/entity/240793000,http://id.who.int/icd/release/11/mms/240793000,SN4R,,- - - - - Roughness of skin disorder (TM2),category,1,False,26,browser,True,False,BlockL1-SK0,BlockL2-SK0,BlockL3-SN4,,
http://id.who.int/icd/entity/1754950261,http://id.who.int/icd/release/11/mms/1754950261,SN4S,,- - - - - Verruca disorder (TM2),category,1,False,26,browser,True,False,BlockL1-SK0,BlockL2-SK0,BlockL3-SN4,,
http://id.who.int/icd/entity/2105615533,http://id.who.int/icd/release/11/mms/2105615533,SN4T,,- - - - - Herpes disorder (TM2),category,1,False,26,browser,True,False,BlockL1-SK0,BlockL2-SK0,BlockL3-SN4,,
http://id.who.int/icd/entity/41336270,http://id.who.int/icd/release/11/mms/41336270,SN4U,,- - - - - Ring worm infection disorder (TM2),category,1,False,26,browser,True,False,BlockL1-SK0,BlockL2-SK0,BlockL3-SN4,,
http://id.who.int/icd/entity/645959339,http://id.who.int/icd/release/11/mms/645959339,SN4V,,- - - - - Acne disorder (TM2),category,1,False,26,browser,True,False,BlockL1-SK0,BlockL2-SK0,BlockL3-SN4,,
http://id.who.int/icd/entity/293026993,http://id.who.int/icd/release/11/mms/293026993,SN4W,,- - - - - Ulcer disorder (TM2),category,1,False,26,browser,True,False,BlockL1-SK0,BlockL2-SK0,BlockL3-SN4,,
,http://id.who.int/icd/release/11/mms/1606080290/other,SN5Y,,- - - - - Other specified skin disorders (TM2),category,1,True,26,browser,True,False,BlockL1-SK0,BlockL2-SK0,BlockL3-SN4,,
,http://id.who.int/icd/release/11/mms/1606080290/unspecified,SN5Z,,"- - - - - Skin disorders (TM2), unspecified",category,1,True,26,browser,True,False,BlockL1-SK0,BlockL2-SK0,BlockL3-SN4,,
http://id.who.int/icd/entity/1780130598,http://id.who.int/icd/release/11/mms/1780130598,,BlockL4-SN6,- - - - Nail disorders (TM2),block,4,False,26,browser,False,,BlockL1-SK0,BlockL2-SK0,BlockL3-SN4,,
http://id.who.int/icd/entity/749377975,http://id.who.int/icd/release/11/mms/749377975,SN60,,- - - - - Brittle nails disorder (TM2),category,1,False,26,browser,True,False,BlockL1-SK0,BlockL2-SK0,BlockL3-SN4,,
,http://id.who.int/icd/release/11/mms/1780130598/other,SN6Y,,- - - - - Other specified nail disorders (TM2),category,1,True,26,browser,True,False,BlockL1-SK0,BlockL2-SK0,BlockL3-SN4,,
,http://id.who.int/icd/release/11/mms/1780130598/unspecified,SN6Z,,"- - - - - Nail disorders (TM2), unspecified",category,1,True,26,browser,True,False,BlockL1-SK0,BlockL2-SK0,BlockL3-SN4,,
http://id.who.int/icd/entity/964894896,http://id.who.int/icd/release/11/mms/964894896,,BlockL4-SN7,- - - - Hair disorders (TM2),block,4,False,26,browser,False,,BlockL1-SK0,BlockL2-SK0,BlockL3-SN4,,
http://id.who.int/icd/entity/1130046240,http://id.who.int/icd/release/11/mms/1130046240,SN70,,- - - - - Furunculosis of scalp disorder (TM2),category,1,False,26,browser,True,False,BlockL1-SK0,BlockL2-SK0,BlockL3-SN4,,
http://id.who.int/icd/entity/470952586,http://id.who.int/icd/release/11/mms/470952586,SN71,,- - - - - Baldness disorder (TM2),category,1,False,26,browser,True,False,BlockL1-SK0,BlockL2-SK0,BlockL3-SN4,,
http://id.who.int/icd/entity/151610450,http://id.who.int/icd/release/11/mms/151610450,SN72,,- - - - - Folliculitis disorder (TM2),category,1,False,26,browser,True,False,BlockL1-SK0,BlockL2-SK0,BlockL3-SN4,,
http://id.who.int/icd/entity/2087934559,http://id.who.int/icd/release/11/mms/2087934559,SN73,,- - - - - Premature greying of hair disorder (TM2),category,1,False,26,browser,True,False,BlockL1-SK0,BlockL2-SK0,BlockL3-SN4,,
,http://id.who.int/icd/release/11/mms/964894896/other,SN7Y,,- - - - - Other specified hair disorders (TM2),category,1,True,26,browser,True,False,BlockL1-SK0,BlockL2-SK0,BlockL3-SN4,,
,http://id.who.int/icd/release/11/mms/964894896/unspecified,SN7Z,,"- - - - - Hair disorders (TM2), unspecified",category,1,True,26,browser,True,False,BlockL1-SK0,BlockL2-SK0,BlockL3-SN4,,
http://id.who.int/icd/entity/1733830101,http://id.who.int/icd/release/11/mms/1733830101,SN90,,- - - - Patchy alopecia disorder (TM2),category,1,False,26,browser,True,False,BlockL1-SK0,BlockL2-SK0,BlockL3-SN4,,
http://id.who.int/icd/entity/2114483334,http://id.who.int/icd/release/11/mms/2114483334,SN91,,- - - - Dandruff disorder (TM2),category,1,False,26,browser,True,False,BlockL1-SK0,BlockL2-SK0,BlockL3-SN4,,
http://id.who.int/icd/entity/512556227,http://id.who.int/icd/release/11/mms/512556227,SN92,,- - - - Carbuncle disorder (TM2),category,1,False,26,browser,True,False,BlockL1-SK0,BlockL2-SK0,BlockL3-SN4,,
,http://id.who.int/icd/release/11/mms/1367002461/other,SN9Y,,"- - - - Other specified skin, nail and hair disorders (TM2)",category,1,True,26,browser,True,False,BlockL1-SK0,BlockL2-SK0,BlockL3-SN4,,
,http://id.who.int/icd/release/11/mms/1367002461/unspecified,SN9Z,,"- - - - Skin, nail and hair disorders (TM2), unspecified",category,1,True,26,browser,True,False,BlockL1-SK0,BlockL2-SK0,BlockL3-SN4,,
http://id.who.int/icd/entity/1324098793,http://id.who.int/icd/release/11/mms/1324098793,,BlockL3-SP0,"- - - Bone, joint and muscle disorders (TM2)",block,3,False,26,browser,False,,BlockL1-SK0,BlockL2-SK0,,,
http://id.who.int/icd/entity/1450351129,http://id.who.int/icd/release/11/mms/1450351129,,BlockL4-SP0,- - - - Bone disorders (TM2),block,4,False,26,browser,False,,BlockL1-SK0,BlockL2-SK0,BlockL3-SP0,,
http://id.who.int/icd/entity/1278087668,http://id.who.int/icd/release/11/mms/1278087668,SP00,,- - - - - Osteoporosis disorder (TM2),category,1,False,26,browser,True,False,BlockL1-SK0,BlockL2-SK0,BlockL3-SP0,,
,http://id.who.int/icd/release/11/mms/1450351129/other,SP0Y,,- - - - - Other specified bone disorders (TM2),category,1,True,26,browser,True,False,BlockL1-SK0,BlockL2-SK0,BlockL3-SP0,,
,http://id.who.int/icd/release/11/mms/1450351129/unspecified,SP0Z,,"- - - - - Bone disorders (TM2), unspecified",category,1,True,26,browser,True,False,BlockL1-SK0,BlockL2-SK0,BlockL3-SP0,,
http://id.who.int/icd/entity/748187240,http://id.who.int/icd/release/11/mms/748187240,,BlockL4-SP1,- - - - Joint disorders (TM2),block,4,False,26,browser,False,,BlockL1-SK0,BlockL2-SK0,BlockL3-SP0,,
http://id.who.int/icd/entity/383282991,http://id.who.int/icd/release/11/mms/383282991,SP10,,- - - - - Polyarthritis disorder (TM2),category,1,False,26,browser,True,False,BlockL1-SK0,BlockL2-SK0,BlockL3-SP0,,
http://id.who.int/icd/entity/1436346745,http://id.who.int/icd/release/11/mms/1436346745,SP11,,- - - - - Rheumatism disorder (TM2),category,1,False,26,browser,True,False,BlockL1-SK0,BlockL2-SK0,BlockL3-SP0,,
http://id.who.int/icd/entity/1911639957,http://id.who.int/icd/release/11/mms/1911639957,SP12,,- - - - - Osteoarthritis disorder (TM2),category,1,False,26,browser,True,False,BlockL1-SK0,BlockL2-SK0,BlockL3-SP0,,
http://id.who.int/icd/entity/315196872,http://id.who.int/icd/release/11/mms/315196872,SP13,,- - - - - Hip joint pain disorder (TM2),category,1,False,26,browser,True,False,BlockL1-SK0,BlockL2-SK0,BlockL3-SP0,,
http://id.who.int/icd/entity/1997678707,http://id.who.int/icd/release/11/mms/1997678707,SP14,,- - - - - Gout disorder (TM2),category,1,False,26,browser,True,False,BlockL1-SK0,BlockL2-SK0,BlockL3-SP0,,
http://id.who.int/icd/entity/1234160905,http://id.who.int/icd/release/11/mms/1234160905,SP15,,- - - - - Frozen shoulder disorder (TM2),category,1,False,26,browser,True,False,BlockL1-SK0,BlockL2-SK0,BlockL3-SP0,,
,http://id.who.int/icd/release/11/mms/748187240/other,SP1Y,,- - - - - Other specified joint disorders (TM2),category,1,True,26,browser,True,False,BlockL1-SK0,BlockL2-SK0,BlockL3-SP0,,
,http://id.who.int/icd/release/11/mms/748187240/unspecified,SP1Z,,"- - - - - Joint disorders (TM2), unspecified",category,1,True,26,browser,True,False,BlockL1-SK0,BlockL2-SK0,BlockL3-SP0,,
http://id.who.int/icd/entity/38874374,http://id.who.int/icd/release/11/mms/38874374,,BlockL4-SP2,- - - - Muscle disorders (TM2),block,4,False,26,browser,False,,BlockL1-SK0,BlockL2-SK0,BlockL3-SP0,,
http://id.who.int/icd/entity/1815255902,http://id.who.int/icd/release/11/mms/1815255902,SP20,,"- - - - - Muscle pain, twisting disorder (TM2)",category,1,False,26,browser,True,False,BlockL1-SK0,BlockL2-SK0,BlockL3-SP0,,
http://id.who.int/icd/entity/1722039721,http://id.who.int/icd/release/11/mms/1722039721,SP21,,- - - - - Atony disorder (TM2),category,1,False,26,browser,True,False,BlockL1-SK0,BlockL2-SK0,BlockL3-SP0,,
,http://id.who.int/icd/release/11/mms/38874374/other,SP2Y,,- - - - - Other specified muscle disorders (TM2),category,1,True,26,browser,True,False,BlockL1-SK0,BlockL2-SK0,BlockL3-SP0,,
,http://id.who.int/icd/release/11/mms/38874374/unspecified,SP2Z,,"- - - - - Muscle disorders (TM2), unspecified",category,1,True,26,browser,True,False,BlockL1-SK0,BlockL2-SK0,BlockL3-SP0,,
http://id.who.int/icd/entity/63119863,http://id.who.int/icd/release/11/mms/63119863,SP40,,- - - - Achillodynia disorder (TM2),category,1,False,26,browser,True,False,BlockL1-SK0,BlockL2-SK0,BlockL3-SP0,,
http://id.who.int/icd/entity/17088197,http://id.who.int/icd/release/11/mms/17088197,SP41,,- - - - Sciatica disorder (TM2),category,1,False,26,browser,True,False,BlockL1-SK0,BlockL2-SK0,BlockL3-SP0,,
http://id.who.int/icd/entity/1263752098,http://id.who.int/icd/release/11/mms/1263752098,SP42,,- - - - Lumbar spondylosis disorder (TM2),category,1,False,26,browser,True,False,BlockL1-SK0,BlockL2-SK0,BlockL3-SP0,,
http://id.who.int/icd/entity/296037757,http://id.who.int/icd/release/11/mms/296037757,SP43,,- - - - Lumbo-sacroiliac disorder (TM2),category,1,False,26,browser,True,False,BlockL1-SK0,BlockL2-SK0,BlockL3-SP0,,
http://id.who.int/icd/entity/1634061842,http://id.who.int/icd/release/11/mms/1634061842,SP44,,- - - - Torticollis disorder (TM2),category,1,False,26,browser,True,False,BlockL1-SK0,BlockL2-SK0,BlockL3-SP0,,
http://id.who.int/icd/entity/212111852,http://id.who.int/icd/release/11/mms/212111852,SP45,,- - - - Cervical spondylosis disorder (TM2),category,1,False,26,browser,True,False,BlockL1-SK0,BlockL2-SK0,BlockL3-SP0,,
,http://id.who.int/icd/release/11/mms/1324098793/other,SP4Y,,"- - - - Other specified bone, joint and muscle disorders (TM2)",category,1,True,26,browser,True,False,BlockL1-SK0,BlockL2-SK0,BlockL3-SP0,,
,http://id.who.int/icd/release/11/mms/1324098793/unspecified,SP4Z,,"- - - - Bone, joint and muscle disorders (TM2), unspecified",category,1,True,26,browser,True,False,BlockL1-SK0,BlockL2-SK0,BlockL3-SP0,,
http://id.who.int/icd/entity/944000127,http://id.who.int/icd/release/11/mms/944000127,,BlockL3-SP5,- - - Disorders affecting the whole body (TM2),block,3,False,26,browser,False,,BlockL1-SK0,BlockL2-SK0,,,
http://id.who.int/icd/entity/1737130163,http://id.who.int/icd/release/11/mms/1737130163,,BlockL4-SP5,- - - - Febricity disorders (TM2),block,4,False,26,browser,False,,BlockL1-SK0,BlockL2-SK0,BlockL3-SP5,,
http://id.who.int/icd/entity/1712884804,http://id.who.int/icd/release/11/mms/1712884804,SP50,,- - - - - Enteric fever disorder (TM2),category,1,False,26,browser,True,False,BlockL1-SK0,BlockL2-SK0,BlockL3-SP5,,
http://id.who.int/icd/entity/1754178993,http://id.who.int/icd/release/11/mms/1754178993,SP51,,- - - - - Fever disorder (TM2),category,1,False,26,browser,True,False,BlockL1-SK0,BlockL2-SK0,BlockL3-SP5,,
http://id.who.int/icd/entity/1644364509,http://id.who.int/icd/release/11/mms/1644364509,SP52,,- - - - - Fever disorder with excessive salivation (TM2),category,1,False,26,browser,True,False,BlockL1-SK0,BlockL2-SK0,BlockL3-SP5,,
http://id.who.int/icd/entity/412234144,http://id.who.int/icd/release/11/mms/412234144,SP53,,- - - - - High fever disorder with yellow discouloration (TM2),category,1,False,26,browser,True,False,BlockL1-SK0,BlockL2-SK0,BlockL3-SP5,,
http://id.who.int/icd/entity/594116296,http://id.who.int/icd/release/11/mms/594116296,SP54,,- - - - - Fever with body pain disorder (TM2),category,1,False,26,browser,True,False,BlockL1-SK0,BlockL2-SK0,BlockL3-SP5,,
http://id.who.int/icd/entity/1285080175,http://id.who.int/icd/release/11/mms/1285080175,SP55,,- - - - - Fever with chills disorder (TM2),category,1,False,26,browser,True,False,BlockL1-SK0,BlockL2-SK0,BlockL3-SP5,,
http://id.who.int/icd/entity/157279096,http://id.who.int/icd/release/11/mms/157279096,SP56,,- - - - - High grade fever disorder (TM2),category,1,False,26,browser,True,False,BlockL1-SK0,BlockL2-SK0,BlockL3-SP5,,
http://id.who.int/icd/entity/1069186343,http://id.who.int/icd/release/11/mms/1069186343,SP57,,- - - - - Intermittent fever disorder (TM2),category,1,False,26,browser,True,False,BlockL1-SK0,BlockL2-SK0,BlockL3-SP5,,
http://id.who.int/icd/entity/554848287,http://id.who.int/icd/release/11/mms/554848287,SP58,,- - - - - Continuous fever disorder (TM2),category,1,False,26,browser,True,False,BlockL1-SK0,BlockL2-SK0,BlockL3-SP5,,
http://id.who.int/icd/entity/1551015003,http://id.who.int/icd/release/11/mms/1551015003,SP59,,- - - - - Fever disorder due to external factor (TM2),category,1,False,26,browser,True,False,BlockL1-SK0,BlockL2-SK0,BlockL3-SP5,,
http://id.who.int/icd/entity/677700358,http://id.who.int/icd/release/11/mms/677700358,SP5A,,- - - - - Inflammation with morbid matter disorder (TM2),category,1,False,26,browser,True,False,BlockL1-SK0,BlockL2-SK0,BlockL3-SP5,,
http://id.who.int/icd/entity/499264364,http://id.who.int/icd/release/11/mms/499264364,SP5B,,- - - - - Consumptive disorder (TM2),category,1,False,26,browser,True,False,BlockL1-SK0,BlockL2-SK0,BlockL3-SP5,,
,http://id.who.int/icd/release/11/mms/1737130163/other,SP5Y,,- - - - - Other specified febricity disorders (TM2),category,1,True,26,browser,True,False,BlockL1-SK0,BlockL2-SK0,BlockL3-SP5,,
,http://id.who.int/icd/release/11/mms/1737130163/unspecified,SP5Z,,"- - - - - Febricity disorders (TM2), unspecified",category,1,True,26,browser,True,False,BlockL1-SK0,BlockL2-SK0,BlockL3-SP5,,
http://id.who.int/icd/entity/858244402,http://id.who.int/icd/release/11/mms/858244402,,BlockL4-SP6,- - - - Metabolic disorders (TM2),block,4,False,26,browser,False,,BlockL1-SK0,BlockL2-SK0,BlockL3-SP5,,
http://id.who.int/icd/entity/298183636,http://id.who.int/icd/release/11/mms/298183636,SP60,,- - - - - Diabetes mellitus disorder (TM2),category,1,False,26,browser,True,False,BlockL1-SK0,BlockL2-SK0,BlockL3-SP5,,
http://id.who.int/icd/entity/683889528,http://id.who.int/icd/release/11/mms/683889528,SP61,,- - - - - Emaciation disorder (TM2),category,1,False,26,browser,True,False,BlockL1-SK0,BlockL2-SK0,BlockL3-SP5,,
http://id.who.int/icd/entity/832544714,http://id.who.int/icd/release/11/mms/832544714,SP62,,- - - - - High fat disorder (TM2),category,1,False,26,browser,True,False,BlockL1-SK0,BlockL2-SK0,BlockL3-SP5,,
http://id.who.int/icd/entity/891423222,http://id.who.int/icd/release/11/mms/891423222,SP63,,- - - - - Polydipsia disorder (TM2),category,1,False,26,browser,True,False,BlockL1-SK0,BlockL2-SK0,BlockL3-SP5,,
http://id.who.int/icd/entity/465700982,http://id.who.int/icd/release/11/mms/465700982,SP64,,- - - - - Obesity disorder (TM2),category,1,False,26,browser,True,False,BlockL1-SK0,BlockL2-SK0,BlockL3-SP5,,
,http://id.who.int/icd/release/11/mms/858244402/other,SP6Y,,- - - - - Other specified metabolic disorders (TM2),category,1,True,26,browser,True,False,BlockL1-SK0,BlockL2-SK0,BlockL3-SP5,,
,http://id.who.int/icd/release/11/mms/858244402/unspecified,SP6Z,,"- - - - - Metabolic disorders (TM2), unspecified",category,1,True,26,browser,True,False,BlockL1-SK0,BlockL2-SK0,BlockL3-SP5,,
http://id.who.int/icd/entity/967467614,http://id.who.int/icd/release/11/mms/967467614,,BlockL4-SP7,- - - - Tumours disorders (TM2),block,4,False,26,browser,False,,BlockL1-SK0,BlockL2-SK0,BlockL3-SP5,,
http://id.who.int/icd/entity/457723064,http://id.who.int/icd/release/11/mms/457723064,SP70,,- - - - - Lipoma disorder (TM2),category,1,False,26,browser,True,False,BlockL1-SK0,BlockL2-SK0,BlockL3-SP5,,
http://id.who.int/icd/entity/1004438232,http://id.who.int/icd/release/11/mms/1004438232,SP71,,- - - - - Benign tumour disorder (TM2),category,1,False,26,browser,True,False,BlockL1-SK0,BlockL2-SK0,BlockL3-SP5,,
http://id.who.int/icd/entity/632952224,http://id.who.int/icd/release/11/mms/632952224,SP72,,- - - - - Deep rooted spreading tumour disorder (TM2),category,1,False,26,browser,True,False,BlockL1-SK0,BlockL2-SK0,BlockL3-SP5,,
,http://id.who.int/icd/release/11/mms/967467614/other,SP7Y,,- - - - - Other specified tumours disorders (TM2),category,1,True,26,browser,True,False,BlockL1-SK0,BlockL2-SK0,BlockL3-SP5,,
,http://id.who.int/icd/release/11/mms/967467614/unspecified,SP7Z,,"- - - - - Tumours disorders (TM2), unspecified",category,1,True,26,browser,True,False,BlockL1-SK0,BlockL2-SK0,BlockL3-SP5,,
http://id.who.int/icd/entity/2136477741,http://id.who.int/icd/release/11/mms/2136477741,SP90,,- - - - Abscess disorder (TM2),category,1,False,26,browser,True,False,BlockL1-SK0,BlockL2-SK0,BlockL3-SP5,,
http://id.who.int/icd/entity/2086832920,http://id.who.int/icd/release/11/mms/2086832920,SP91,,- - - - Generalised oedema disorder (TM2),category,1,False,26,browser,True,False,BlockL1-SK0,BlockL2-SK0,BlockL3-SP5,,
http://id.who.int/icd/entity/1935012118,http://id.who.int/icd/release/11/mms/1935012118,SP92,,- - - - Oedema disorder (TM2),category,1,False,26,browser,True,False,BlockL1-SK0,BlockL2-SK0,BlockL3-SP5,,
http://id.who.int/icd/entity/944185295,http://id.who.int/icd/release/11/mms/944185295,SP93,,- - - - Impaired immunity disorder (TM2),category,1,False,26,browser,True,False,BlockL1-SK0,BlockL2-SK0,BlockL3-SP5,,
http://id.who.int/icd/entity/1724940400,http://id.who.int/icd/release/11/mms/1724940400,SP94,,- - - - Inflammation disorder (TM2),category,1,False,26,browser,True,False,BlockL1-SK0,BlockL2-SK0,BlockL3-SP5,,
http://id.who.int/icd/entity/562399900,http://id.who.int/icd/release/11/mms/562399900,SP95,,- - - - Excessive yawning disorder (TM2),category,1,False,26,browser,True,False,BlockL1-SK0,BlockL2-SK0,BlockL3-SP5,,
http://id.who.int/icd/entity/721956344,http://id.who.int/icd/release/11/mms/721956344,SP96,,- - - - Laziness disorder (TM2),category,1,False,26,browser,True,False,BlockL1-SK0,BlockL2-SK0,BlockL3-SP5,,
http://id.who.int/icd/entity/1217546582,http://id.who.int/icd/release/11/mms/1217546582,SP97,,- - - - Severe fatigue disorder (TM2),category,1,False,26,browser,True,False,BlockL1-SK0,BlockL2-SK0,BlockL3-SP5,,
http://id.who.int/icd/entity/2069056577,http://id.who.int/icd/release/11/mms/2069056577,SP98,,- - - - Syncope disorder (TM2),category,1,False,26,browser,True,False,BlockL1-SK0,BlockL2-SK0,BlockL3-SP5,,
http://id.who.int/icd/entity/1576590672,http://id.who.int/icd/release/11/mms/1576590672,SP99,,- - - - Pruritus disorder (TM2),category,1,False,26,browser,True,False,BlockL1-SK0,BlockL2-SK0,BlockL3-SP5,,
http://id.who.int/icd/entity/375213785,http://id.who.int/icd/release/11/mms/375213785,SP9A,,- - - - General debility disorder (TM2),category,1,False,26,browser,True,False,BlockL1-SK0,BlockL2-SK0,BlockL3-SP5,,
,http://id.who.int/icd/release/11/mms/944000127/other,SP9Y,,- - - - Other specified disorders affecting the whole body (TM2),category,1,True,26,browser,True,False,BlockL1-SK0,BlockL2-SK0,BlockL3-SP5,,
,http://id.who.int/icd/release/11/mms/944000127/unspecified,SP9Z,,"- - - - Disorders affecting the whole body (TM2), unspecified",category,1,True,26,browser,True,False,BlockL1-SK0,BlockL2-SK0,BlockL3-SP5,,
http://id.who.int/icd/entity/1471542998,http://id.who.int/icd/release/11/mms/1471542998,,BlockL3-SQ0,"- - - Mental, emotional and behavioural disorders (TM2)",block,3,False,26,browser,False,,BlockL1-SK0,BlockL2-SK0,,,
http://id.who.int/icd/entity/641502186,http://id.who.int/icd/release/11/mms/641502186,,BlockL4-SQ0,- - - - Mental disorders (TM2),block,4,False,26,browser,False,,BlockL1-SK0,BlockL2-SK0,BlockL3-SQ0,,
http://id.who.int/icd/entity/1976940353,http://id.who.int/icd/release/11/mms/1976940353,SQ00,,- - - - - Delirium disorder (TM2),category,1,False,26,browser,True,False,BlockL1-SK0,BlockL2-SK0,BlockL3-SQ0,,
http://id.who.int/icd/entity/1691661851,http://id.who.int/icd/release/11/mms/1691661851,SQ01,,- - - - - Hallucination disorder (TM2),category,1,False,26,browser,True,False,BlockL1-SK0,BlockL2-SK0,BlockL3-SQ0,,
http://id.who.int/icd/entity/819872746,http://id.who.int/icd/release/11/mms/819872746,SQ02,,- - - - - Hysteria disorder (TM2),category,1,False,26,browser,True,False,BlockL1-SK0,BlockL2-SK0,BlockL3-SQ0,,
http://id.who.int/icd/entity/441413164,http://id.who.int/icd/release/11/mms/441413164,SQ03,,- - - - - Insanity disorder (TM2),category,1,False,26,browser,True,False,BlockL1-SK0,BlockL2-SK0,BlockL3-SQ0,,
http://id.who.int/icd/entity/275085622,http://id.who.int/icd/release/11/mms/275085622,SQ04,,- - - - - Depressive disorder (TM2),category,1,False,26,browser,True,False,BlockL1-SK0,BlockL2-SK0,BlockL3-SQ0,,
http://id.who.int/icd/entity/1851825829,http://id.who.int/icd/release/11/mms/1851825829,SQ05,,"- - - - - Lack of concentration, confusion disorder (TM2)",category,1,False,26,browser,True,False,BlockL1-SK0,BlockL2-SK0,BlockL3-SQ0,,
,http://id.who.int/icd/release/11/mms/641502186/other,SQ0Y,,- - - - - Other specified mental disorders (TM2),category,1,True,26,browser,True,False,BlockL1-SK0,BlockL2-SK0,BlockL3-SQ0,,
,http://id.who.int/icd/release/11/mms/641502186/unspecified,SQ0Z,,"- - - - - Mental disorders (TM2), unspecified",category,1,True,26,browser,True,False,BlockL1-SK0,BlockL2-SK0,BlockL3-SQ0,,
http://id.who.int/icd/entity/749808774,http://id.who.int/icd/release/11/mms/749808774,,BlockL4-SQ1,- - - - Emotional disorders (TM2),block,4,False,26,browser,False,,BlockL1-SK0,BlockL2-SK0,BlockL3-SQ0,,
http://id.who.int/icd/entity/1970407217,http://id.who.int/icd/release/11/mms/1970407217,SQ10,,- - - - - Anxiety ephemeral fever disorder (TM2),category,1,False,26,browser,True,False,BlockL1-SK0,BlockL2-SK0,BlockL3-SQ0,,
,http://id.who.int/icd/release/11/mms/749808774/other,SQ1Y,,- - - - - Other specified emotional disorders (TM2),category,1,True,26,browser,True,False,BlockL1-SK0,BlockL2-SK0,BlockL3-SQ0,,
,http://id.who.int/icd/release/11/mms/749808774/unspecified,SQ1Z,,"- - - - - Emotional disorders (TM2), unspecified",category,1,True,26,browser,True,False,BlockL1-SK0,BlockL2-SK0,BlockL3-SQ0,,
http://id.who.int/icd/entity/420567170,http://id.who.int/icd/release/11/mms/420567170,,BlockL4-SQ2,- - - - Behavioural disorders (TM2),block,4,False,26,browser,False,,BlockL1-SK0,BlockL2-SK0,BlockL3-SQ0,,
http://id.who.int/icd/entity/1059449428,http://id.who.int/icd/release/11/mms/1059449428,SQ20,,- - - - - Alcoholism disorder (TM2),category,1,False,26,browser,True,False,BlockL1-SK0,BlockL2-SK0,BlockL3-SQ0,,
http://id.who.int/icd/entity/450417382,http://id.who.int/icd/release/11/mms/450417382,SQ21,,- - - - - Egomania disorder (TM2),category,1,False,26,browser,True,False,BlockL1-SK0,BlockL2-SK0,BlockL3-SQ0,,
http://id.who.int/icd/entity/906832050,http://id.who.int/icd/release/11/mms/906832050,SQ22,,- - - - - Non alcoholic intoxication disorder (TM2),category,1,False,26,browser,True,False,BlockL1-SK0,BlockL2-SK0,BlockL3-SQ0,,
http://id.who.int/icd/entity/1406567687,http://id.who.int/icd/release/11/mms/1406567687,SQ23,,- - - - - Panic attack disorder (TM2),category,1,False,26,browser,True,False,BlockL1-SK0,BlockL2-SK0,BlockL3-SQ0,,
http://id.who.int/icd/entity/1558314763,http://id.who.int/icd/release/11/mms/1558314763,SQ24,,- - - - - Insomnia disorder (TM2),category,1,False,26,browser,True,False,BlockL1-SK0,BlockL2-SK0,BlockL3-SQ0,,
,http://id.who.int/icd/release/11/mms/420567170/other,SQ2Y,,- - - - - Other specified behavioural disorders (TM2),category,1,True,26,browser,True,False,BlockL1-SK0,BlockL2-SK0,BlockL3-SQ0,,
,http://id.who.int/icd/release/11/mms/420567170/unspecified,SQ2Z,,"- - - - - Behavioural disorders (TM2), unspecified",category,1,True,26,browser,True,False,BlockL1-SK0,BlockL2-SK0,BlockL3-SQ0,,
http://id.who.int/icd/entity/1708364937,http://id.who.int/icd/release/11/mms/1708364937,SQ40,,- - - - Hypersomnia disorder (TM2),category,1,False,26,browser,True,False,BlockL1-SK0,BlockL2-SK0,BlockL3-SQ0,,
http://id.who.int/icd/entity/2003260585,http://id.who.int/icd/release/11/mms/2003260585,SQ41,,- - - - Lycanthropy disorder (TM2),category,1,False,26,browser,True,False,BlockL1-SK0,BlockL2-SK0,BlockL3-SQ0,,
,http://id.who.int/icd/release/11/mms/1471542998/other,SQ4Y,,"- - - - Other specified mental, emotional and behavioural disorders (TM2)",category,1,True,26,browser,True,False,BlockL1-SK0,BlockL2-SK0,BlockL3-SQ0,,
,http://id.who.int/icd/release/11/mms/1471542998/unspecified,SQ4Z,,"- - - - Mental, emotional and behavioural disorders (TM2), unspecified",category,1,True,26,browser,True,False,BlockL1-SK0,BlockL2-SK0,BlockL3-SQ0,,
http://id.who.int/icd/entity/761201319,http://id.who.int/icd/release/11/mms/761201319,,BlockL3-SQ5,- - - External factors disorders (TM2),block,3,False,26,browser,False,,BlockL1-SK0,BlockL2-SK0,,,
http://id.who.int/icd/entity/678919564,http://id.who.int/icd/release/11/mms/678919564,,BlockL4-SQ5,- - - - Infestation disorders (TM2),block,4,False,26,browser,False,,BlockL1-SK0,BlockL2-SK0,BlockL3-SQ5,,
http://id.who.int/icd/entity/523854074,http://id.who.int/icd/release/11/mms/523854074,SQ50,,- - - - - Worm infestation disorder (TM2),category,1,False,26,browser,True,False,BlockL1-SK0,BlockL2-SK0,BlockL3-SQ5,,
,http://id.who.int/icd/release/11/mms/678919564/other,SQ5Y,,- - - - - Other specified infestation disorders (TM2),category,1,True,26,browser,True,False,BlockL1-SK0,BlockL2-SK0,BlockL3-SQ5,,
,http://id.who.int/icd/release/11/mms/678919564/unspecified,SQ5Z,,"- - - - - Infestation disorders (TM2), unspecified",category,1,True,26,browser,True,False,BlockL1-SK0,BlockL2-SK0,BlockL3-SQ5,,
http://id.who.int/icd/entity/1386056187,http://id.who.int/icd/release/11/mms/1386056187,,BlockL4-SQ6,- - - - Poisoning disorders (TM2),block,4,False,26,browser,False,,BlockL1-SK0,BlockL2-SK0,BlockL3-SQ5,,
http://id.who.int/icd/entity/1892211281,http://id.who.int/icd/release/11/mms/1892211281,SQ60,,- - - - - Pseudo poisoning disorder (TM2),category,1,False,26,browser,True,False,BlockL1-SK0,BlockL2-SK0,BlockL3-SQ5,,
http://id.who.int/icd/entity/1358456158,http://id.who.int/icd/release/11/mms/1358456158,SQ61,,- - - - - Artificial poison disorder (TM2),category,1,False,26,browser,True,False,BlockL1-SK0,BlockL2-SK0,BlockL3-SQ5,,
,http://id.who.int/icd/release/11/mms/1386056187/other,SQ6Y,,- - - - - Other specified poisoning disorders (TM2),category,1,True,26,browser,True,False,BlockL1-SK0,BlockL2-SK0,BlockL3-SQ5,,
,http://id.who.int/icd/release/11/mms/1386056187/unspecified,SQ6Z,,"- - - - - Poisoning disorders (TM2), unspecified",category,1,True,26,browser,True,False,BlockL1-SK0,BlockL2-SK0,BlockL3-SQ5,,
http://id.who.int/icd/entity/638731564,http://id.who.int/icd/release/11/mms/638731564,SQ80,,- - - - Inadequate diet disorders (TM2),category,1,False,26,browser,True,False,BlockL1-SK0,BlockL2-SK0,BlockL3-SQ5,,
,http://id.who.int/icd/release/11/mms/761201319/other,SQ8Y,,- - - - Other specified external factors disorders (TM2),category,1,True,26,browser,True,False,BlockL1-SK0,BlockL2-SK0,BlockL3-SQ5,,
,http://id.who.int/icd/release/11/mms/761201319/unspecified,SQ8Z,,"- - - - External factors disorders (TM2), unspecified",category,1,True,26,browser,True,False,BlockL1-SK0,BlockL2-SK0,BlockL3-SQ5,,
http://id.who.int/icd/entity/2007596156,http://id.who.int/icd/release/11/mms/2007596156,,BlockL3-SR0,- - - Childhood disorders (TM2),block,3,False,26,browser,False,,BlockL1-SK0,BlockL2-SK0,,,
http://id.who.int/icd/entity/296673756,http://id.who.int/icd/release/11/mms/296673756,SR00,,- - - - Marasmus disorder (TM2),category,1,False,26,browser,True,False,BlockL1-SK0,BlockL2-SK0,BlockL3-SR0,,
http://id.who.int/icd/entity/2014079686,http://id.who.int/icd/release/11/mms/2014079686,SR01,,- - - - Bed wetting disorder (TM2),category,1,False,26,browser,True,False,BlockL1-SK0,BlockL2-SK0,BlockL3-SR0,,
http://id.who.int/icd/entity/370126495,http://id.who.int/icd/release/11/mms/370126495,SR02,,- - - - Infantile dysentry disorder (TM2),category,1,False,26,browser,True,False,BlockL1-SK0,BlockL2-SK0,BlockL3-SR0,,
http://id.who.int/icd/entity/101289303,http://id.who.int/icd/release/11/mms/101289303,SR03,,- - - - Infantile epilepsy disorder (TM2),category,1,False,26,browser,True,False,BlockL1-SK0,BlockL2-SK0,BlockL3-SR0,,
http://id.who.int/icd/entity/2019487514,http://id.who.int/icd/release/11/mms/2019487514,SR04,,- - - - Ophthalmia neonatarum disorder (TM2),category,1,False,26,browser,True,False,BlockL1-SK0,BlockL2-SK0,BlockL3-SR0,,
http://id.who.int/icd/entity/1926449270,http://id.who.int/icd/release/11/mms/1926449270,SR05,,- - - - Childhood malnutrition disorder (TM2),category,1,False,26,browser,True,False,BlockL1-SK0,BlockL2-SK0,BlockL3-SR0,,
http://id.who.int/icd/entity/1517014705,http://id.who.int/icd/release/11/mms/1517014705,SR06,,- - - - Oral thrush in babies disorder (TM2),category,1,False,26,browser,True,False,BlockL1-SK0,BlockL2-SK0,BlockL3-SR0,,
,http://id.who.int/icd/release/11/mms/2007596156/other,SR0Y,,- - - - Other specified childhood disorders (TM2),category,1,True,26,browser,True,False,BlockL1-SK0,BlockL2-SK0,BlockL3-SR0,,
,http://id.who.int/icd/release/11/mms/2007596156/unspecified,SR0Z,,"- - - - Childhood disorders (TM2), unspecified",category,1,True,26,browser,True,False,BlockL1-SK0,BlockL2-SK0,BlockL3-SR0,,
http://id.who.int/icd/entity/1908537217,http://id.who.int/icd/release/11/mms/1908537217,,BlockL2-SR1,- - Traditional medicine patterns (TM2),block,2,False,26,browser,False,,BlockL1-SK0,,,,
http://id.who.int/icd/entity/309514703,http://id.who.int/icd/release/11/mms/309514703,,BlockL3-SR1,- - - Functional elements and humoral derangement patterns (TM2),block,3,False,26,browser,False,,BlockL1-SK0,BlockL2-SR1,,,
http://id.who.int/icd/entity/1885164289,http://id.who.int/icd/release/11/mms/1885164289,SR10,,- - - - Vitiation of vāta pattern (TM2),category,1,False,26,browser,True,False,BlockL1-SK0,BlockL2-SR1,BlockL3-SR1,,
http://id.who.int/icd/entity/1329167995,http://id.who.int/icd/release/11/mms/1329167995,SR11,,- - - - Accumulation of Vata pattern (TM2),category,1,False,26,browser,True,False,BlockL1-SK0,BlockL2-SR1,BlockL3-SR1,,
http://id.who.int/icd/entity/1442514125,http://id.who.int/icd/release/11/mms/1442514125,SR12,,- - - - Aggravation of vata pattern (TM2),category,1,False,26,browser,True,False,BlockL1-SK0,BlockL2-SR1,BlockL3-SR1,,
http://id.who.int/icd/entity/1601610657,http://id.who.int/icd/release/11/mms/1601610657,SR13,,- - - - Spreading of vata pattern (TM2),category,1,False,26,browser,True,False,BlockL1-SK0,BlockL2-SR1,BlockL3-SR1,,
http://id.who.int/icd/entity/190125246,http://id.who.int/icd/release/11/mms/190125246,SR14,,- - - - Depletion of vata pattern (TM2),category,1,False,26,browser,True,False,BlockL1-SK0,BlockL2-SR1,BlockL3-SR1,,
http://id.who.int/icd/entity/2063185539,http://id.who.int/icd/release/11/mms/2063185539,SR15,,- - - - Vitiation of pitta pattern (TM2),category,1,False,26,browser,True,False,BlockL1-SK0,BlockL2-SR1,BlockL3-SR1,,
http://id.who.int/icd/entity/30979026,http://id.who.int/icd/release/11/mms/30979026,SR16,,- - - - Accumulation of pitta pattern (TM2),category,1,False,26,browser,True,False,BlockL1-SK0,BlockL2-SR1,BlockL3-SR1,,
http://id.who.int/icd/entity/1268749195,http://id.who.int/icd/release/11/mms/1268749195,SR17,,- - - - Aggravation of pitta pattern (TM2),category,1,False,26,browser,True,False,BlockL1-SK0,BlockL2-SR1,BlockL3-SR1,,
http://id.who.int/icd/entity/611199268,http://id.who.int/icd/release/11/mms/611199268,SR18,,- - - - Spreading of pitta pattern (TM2),category,1,False,26,browser,True,False,BlockL1-SK0,BlockL2-SR1,BlockL3-SR1,,
http://id.who.int/icd/entity/829777916,http://id.who.int/icd/release/11/mms/829777916,SR19,,- - - - Depletion of pitta pattern (TM2),category,1,False,26,browser,True,False,BlockL1-SK0,BlockL2-SR1,BlockL3-SR1,,
http://id.who.int/icd/entity/240694420,http://id.who.int/icd/release/11/mms/240694420,SR1A,,- - - - Vitiation of kapha pattern (TM2),category,1,False,26,browser,True,False,BlockL1-SK0,BlockL2-SR1,BlockL3-SR1,,
http://id.who.int/icd/entity/1803753767,http://id.who.int/icd/release/11/mms/1803753767,SR1B,,- - - - Accumulation of kapha pattern (TM2),category,1,False,26,browser,True,False,BlockL1-SK0,BlockL2-SR1,BlockL3-SR1,,
http://id.who.int/icd/entity/738124640,http://id.who.int/icd/release/11/mms/738124640,SR1C,,- - - - Aggravation of kapha pattern (TM2),category,1,False,26,browser,True,False,BlockL1-SK0,BlockL2-SR1,BlockL3-SR1,,
http://id.who.int/icd/entity/561202228,http://id.who.int/icd/release/11/mms/561202228,SR1D,,- - - - Spreading of kapha pattern (TM2),category,1,False,26,browser,True,False,BlockL1-SK0,BlockL2-SR1,BlockL3-SR1,,
http://id.who.int/icd/entity/792950112,http://id.who.int/icd/release/11/mms/792950112,SR1E,,- - - - Depletion of kapha pattern (TM2),category,1,False,26,browser,True,False,BlockL1-SK0,BlockL2-SR1,BlockL3-SR1,,
http://id.who.int/icd/entity/288275253,http://id.who.int/icd/release/11/mms/288275253,SR1F,,- - - - Increase of Vaḷi pattern (TM2),category,1,False,26,browser,True,False,BlockL1-SK0,BlockL2-SR1,BlockL3-SR1,,
http://id.who.int/icd/entity/463674457,http://id.who.int/icd/release/11/mms/463674457,SR1G,,- - - - Increase of Aẕal pattern (TM2),category,1,False,26,browser,True,False,BlockL1-SK0,BlockL2-SR1,BlockL3-SR1,,
http://id.who.int/icd/entity/453291049,http://id.who.int/icd/release/11/mms/453291049,SR1H,,- - - - Increase of Aiyam pattern (TM2),category,1,False,26,browser,True,False,BlockL1-SK0,BlockL2-SR1,BlockL3-SR1,,
http://id.who.int/icd/entity/1364410700,http://id.who.int/icd/release/11/mms/1364410700,SR1J,,- - - - Decrease of Vaḷi pattern (TM2),category,1,False,26,browser,True,False,BlockL1-SK0,BlockL2-SR1,BlockL3-SR1,,
http://id.who.int/icd/entity/1441716084,http://id.who.int/icd/release/11/mms/1441716084,SR1K,,- - - - Decrease of Aẕal pattern (TM2),category,1,False,26,browser,True,False,BlockL1-SK0,BlockL2-SR1,BlockL3-SR1,,
http://id.who.int/icd/entity/1600352288,http://id.who.int/icd/release/11/mms/1600352288,SR1L,,- - - - Decrease of Aiyam pattern (TM2),category,1,False,26,browser,True,False,BlockL1-SK0,BlockL2-SR1,BlockL3-SR1,,
http://id.who.int/icd/entity/1165413146,http://id.who.int/icd/release/11/mms/1165413146,SR1M,,- - - - Predominance of Dam pattern (TM2),category,1,False,26,browser,True,False,BlockL1-SK0,BlockL2-SR1,BlockL3-SR1,,
http://id.who.int/icd/entity/1341877366,http://id.who.int/icd/release/11/mms/1341877366,SR1N,,- - - - Predominance of Ṣafrā’ pattern (TM2),category,1,False,26,browser,True,False,BlockL1-SK0,BlockL2-SR1,BlockL3-SR1,,
http://id.who.int/icd/entity/1331485700,http://id.who.int/icd/release/11/mms/1331485700,SR1P,,- - - - Predominance of Balgham pattern (TM2),category,1,False,26,browser,True,False,BlockL1-SK0,BlockL2-SR1,BlockL3-SR1,,
http://id.who.int/icd/entity/482697106,http://id.who.int/icd/release/11/mms/482697106,SR1Q,,- - - - Predominance of Sawdā’ pattern (TM2),category,1,False,26,browser,True,False,BlockL1-SK0,BlockL2-SR1,BlockL3-SR1,,
http://id.who.int/icd/entity/704508337,http://id.who.int/icd/release/11/mms/704508337,SR1R,,- - - - Blood thickening pattern (TM2),category,1,False,26,browser,True,False,BlockL1-SK0,BlockL2-SR1,BlockL3-SR1,,
http://id.who.int/icd/entity/114688273,http://id.who.int/icd/release/11/mms/114688273,SR1S,,- - - - Blood thinning pattern (TM2),category,1,False,26,browser,True,False,BlockL1-SK0,BlockL2-SR1,BlockL3-SR1,,
http://id.who.int/icd/entity/207332989,http://id.who.int/icd/release/11/mms/207332989,SR1T,,- - - - Blood deficiency pattern (TM2),category,1,False,26,browser,True,False,BlockL1-SK0,BlockL2-SR1,BlockL3-SR1,,
http://id.who.int/icd/entity/149303363,http://id.who.int/icd/release/11/mms/149303363,SR1U,,- - - - Blood hyperviscosity pattern (TM2),category,1,False,26,browser,True,False,BlockL1-SK0,BlockL2-SR1,BlockL3-SR1,,
http://id.who.int/icd/entity/881363299,http://id.who.int/icd/release/11/mms/881363299,SR1V,,- - - - Spoilage of humors pattern (TM2),category,1,False,26,browser,True,False,BlockL1-SK0,BlockL2-SR1,BlockL3-SR1,,
http://id.who.int/icd/entity/2128569352,http://id.who.int/icd/release/11/mms/2128569352,SR1W,,- - - - Burning of humors pattern (TM2),category,1,False,26,browser,True,False,BlockL1-SK0,BlockL2-SR1,BlockL3-SR1,,
http://id.who.int/icd/entity/1789422478,http://id.who.int/icd/release/11/mms/1789422478,SR1X,,- - - - Thickening of humors pattern (TM2),category,1,False,26,browser,True,False,BlockL1-SK0,BlockL2-SR1,BlockL3-SR1,,
http://id.who.int/icd/entity/979641157,http://id.who.int/icd/release/11/mms/979641157,SR20,,- - - - Pattern of occlusion (TM2),category,1,False,26,browser,True,False,BlockL1-SK0,BlockL2-SR1,BlockL3-SR1,,
,http://id.who.int/icd/release/11/mms/309514703/other,SR2Y,,- - - - Other specified functional elements and humoral derangement patterns (TM2),category,1,True,26,browser,True,False,BlockL1-SK0,BlockL2-SR1,BlockL3-SR1,,
,http://id.who.int/icd/release/11/mms/309514703/unspecified,SR2Z,,"- - - - Functional elements and humoral derangement patterns (TM2), unspecified",category,1,True,26,browser,True,False,BlockL1-SK0,BlockL2-SR1,BlockL3-SR1,,
http://id.who.int/icd/entity/1029251439,http://id.who.int/icd/release/11/mms/1029251439,,BlockL3-SR4,- - - Physical constituent derangement patterns (TM2),block,3,False,26,browser,False,,BlockL1-SK0,BlockL2-SR1,,,
http://id.who.int/icd/entity/1531867635,http://id.who.int/icd/release/11/mms/1531867635,SR40,,- - - - Vitiation of 'primary structural components of the body' pattern (TM2),category,1,False,26,browser,True,False,BlockL1-SK0,BlockL2-SR1,BlockL3-SR4,,
http://id.who.int/icd/entity/1300251309,http://id.who.int/icd/release/11/mms/1300251309,SR41,,- - - - Aggravation of primary circulating nutrient fluid pattern (TM2),category,1,False,26,browser,True,False,BlockL1-SK0,BlockL2-SR1,BlockL3-SR4,,
http://id.who.int/icd/entity/1192093121,http://id.who.int/icd/release/11/mms/1192093121,SR42,,- - - - Depletion of primary circulating nutrient fluid pattern (TM2),category,1,False,26,browser,True,False,BlockL1-SK0,BlockL2-SR1,BlockL3-SR4,,
http://id.who.int/icd/entity/1486556277,http://id.who.int/icd/release/11/mms/1486556277,SR43,,- - - - Morbid increase of blood pattern (TM2),category,1,False,26,browser,True,False,BlockL1-SK0,BlockL2-SR1,BlockL3-SR4,,
http://id.who.int/icd/entity/1377217305,http://id.who.int/icd/release/11/mms/1377217305,SR44,,- - - - Depletion of blood pattern (TM2),category,1,False,26,browser,True,False,BlockL1-SK0,BlockL2-SR1,BlockL3-SR4,,
http://id.who.int/icd/entity/1740037917,http://id.who.int/icd/release/11/mms/1740037917,SR45,,- - - - Excessive increase of muscular tissues pattern (TM2),category,1,False,26,browser,True,False,BlockL1-SK0,BlockL2-SR1,BlockL3-SR4,,
http://id.who.int/icd/entity/769733242,http://id.who.int/icd/release/11/mms/769733242,SR46,,- - - - Depletion of muscular tissues pattern (TM2),category,1,False,26,browser,True,False,BlockL1-SK0,BlockL2-SR1,BlockL3-SR4,,
http://id.who.int/icd/entity/1108379857,http://id.who.int/icd/release/11/mms/1108379857,SR47,,- - - - Increase of adipose tissues pattern (TM2),category,1,False,26,browser,True,False,BlockL1-SK0,BlockL2-SR1,BlockL3-SR4,,
http://id.who.int/icd/entity/955940002,http://id.who.int/icd/release/11/mms/955940002,SR48,,- - - - Depletion of adipose tissues pattern (TM2),category,1,False,26,browser,True,False,BlockL1-SK0,BlockL2-SR1,BlockL3-SR4,,
http://id.who.int/icd/entity/1011346078,http://id.who.int/icd/release/11/mms/1011346078,SR49,,- - - - Increase of bone tissues pattern (TM2),category,1,False,26,browser,True,False,BlockL1-SK0,BlockL2-SR1,BlockL3-SR4,,
http://id.who.int/icd/entity/919227890,http://id.who.int/icd/release/11/mms/919227890,SR4A,,- - - - Depletion of bone tissues pattern (TM2),category,1,False,26,browser,True,False,BlockL1-SK0,BlockL2-SR1,BlockL3-SR4,,
http://id.who.int/icd/entity/1307265187,http://id.who.int/icd/release/11/mms/1307265187,SR4B,,- - - - Increase of bone marrow pattern (TM2),category,1,False,26,browser,True,False,BlockL1-SK0,BlockL2-SR1,BlockL3-SR4,,
http://id.who.int/icd/entity/74380125,http://id.who.int/icd/release/11/mms/74380125,SR4C,,- - - - Depletion of bone marrow pattern (TM2),category,1,False,26,browser,True,False,BlockL1-SK0,BlockL2-SR1,BlockL3-SR4,,
http://id.who.int/icd/entity/1805601270,http://id.who.int/icd/release/11/mms/1805601270,SR4D,,- - - - Increase of reproductive tissues and semen pattern (TM2),category,1,False,26,browser,True,False,BlockL1-SK0,BlockL2-SR1,BlockL3-SR4,,
http://id.who.int/icd/entity/292928901,http://id.who.int/icd/release/11/mms/292928901,SR4E,,- - - - Depletion of reproductive tissues and semen pattern (TM2),category,1,False,26,browser,True,False,BlockL1-SK0,BlockL2-SR1,BlockL3-SR4,,
http://id.who.int/icd/entity/1266926424,http://id.who.int/icd/release/11/mms/1266926424,SR4F,,- - - - Diminution of Ojas pattern (TM2),category,1,False,26,browser,True,False,BlockL1-SK0,BlockL2-SR1,BlockL3-SR4,,
http://id.who.int/icd/entity/777547501,http://id.who.int/icd/release/11/mms/777547501,SR4G,,- - - - Derangement of Ojas pattern (TM2),category,1,False,26,browser,True,False,BlockL1-SK0,BlockL2-SR1,BlockL3-SR4,,
http://id.who.int/icd/entity/24354381,http://id.who.int/icd/release/11/mms/24354381,SR4H,,- - - - Dislodgement of Ojas pattern (TM2),category,1,False,26,browser,True,False,BlockL1-SK0,BlockL2-SR1,BlockL3-SR4,,
http://id.who.int/icd/entity/201210145,http://id.who.int/icd/release/11/mms/201210145,SR4J,,- - - - Increased menstrual flow pattern (TM2),category,1,False,26,browser,True,False,BlockL1-SK0,BlockL2-SR1,BlockL3-SR4,,
http://id.who.int/icd/entity/1431316820,http://id.who.int/icd/release/11/mms/1431316820,SR4K,,- - - - Diminution of menstrual flow pattern (TM2),category,1,False,26,browser,True,False,BlockL1-SK0,BlockL2-SR1,BlockL3-SR4,,
http://id.who.int/icd/entity/1608355392,http://id.who.int/icd/release/11/mms/1608355392,SR4L,,- - - - Increased secretion of breast milk pattern (TM2),category,1,False,26,browser,True,False,BlockL1-SK0,BlockL2-SR1,BlockL3-SR4,,
http://id.who.int/icd/entity/620530543,http://id.who.int/icd/release/11/mms/620530543,SR4M,,- - - - Decreased secretion of breast milk pattern (TM2),category,1,False,26,browser,True,False,BlockL1-SK0,BlockL2-SR1,BlockL3-SR4,,
http://id.who.int/icd/entity/177315691,http://id.who.int/icd/release/11/mms/177315691,,BlockL4-SR5,- - - - Derangement of channels pattern (TM2),block,4,False,26,browser,False,,BlockL1-SK0,BlockL2-SR1,BlockL3-SR4,,
http://id.who.int/icd/entity/1014235450,http://id.who.int/icd/release/11/mms/1014235450,SR50,,- - - - - Derangement of channels carrying essense of digested food pattern (TM2),category,1,False,26,browser,True,False,BlockL1-SK0,BlockL2-SR1,BlockL3-SR4,,
http://id.who.int/icd/entity/922330710,http://id.who.int/icd/release/11/mms/922330710,SR51,,- - - - - Derangement of channels enriching blood pattern (TM2),category,1,False,26,browser,True,False,BlockL1-SK0,BlockL2-SR1,BlockL3-SR4,,
http://id.who.int/icd/entity/476613528,http://id.who.int/icd/release/11/mms/476613528,SR52,,- - - - - Derangement of channels enriching muscle tissue pattern (TM2),category,1,False,26,browser,True,False,BlockL1-SK0,BlockL2-SR1,BlockL3-SR4,,
http://id.who.int/icd/entity/384118012,http://id.who.int/icd/release/11/mms/384118012,SR53,,- - - - - Derangement of channels carrying fat pattern (TM2),category,1,False,26,browser,True,False,BlockL1-SK0,BlockL2-SR1,BlockL3-SR4,,
http://id.who.int/icd/entity/373464202,http://id.who.int/icd/release/11/mms/373464202,SR54,,- - - - - Derangement of channels enriching bone pattern (TM2),category,1,False,26,browser,True,False,BlockL1-SK0,BlockL2-SR1,BlockL3-SR4,,
http://id.who.int/icd/entity/1544909295,http://id.who.int/icd/release/11/mms/1544909295,SR55,,- - - - - Derangement of channels enriching bone marrow pattern (TM2),category,1,False,26,browser,True,False,BlockL1-SK0,BlockL2-SR1,BlockL3-SR4,,
http://id.who.int/icd/entity/1487464401,http://id.who.int/icd/release/11/mms/1487464401,SR56,,- - - - - Derangement of channels enriching seminal fluid pattern (TM2),category,1,False,26,browser,True,False,BlockL1-SK0,BlockL2-SR1,BlockL3-SR4,,
http://id.who.int/icd/entity/1378173117,http://id.who.int/icd/release/11/mms/1378173117,SR57,,- - - - - Derangement of channels enriching vital life force pattern (TM2),category,1,False,26,browser,True,False,BlockL1-SK0,BlockL2-SR1,BlockL3-SR4,,
http://id.who.int/icd/entity/909450280,http://id.who.int/icd/release/11/mms/909450280,SR58,,- - - - - Derangement of channels for fluid circulation pattern (TM2),category,1,False,26,browser,True,False,BlockL1-SK0,BlockL2-SR1,BlockL3-SR4,,
http://id.who.int/icd/entity/1018739524,http://id.who.int/icd/release/11/mms/1018739524,SR59,,- - - - - Derangement of digestive tract pattern (TM2),category,1,False,26,browser,True,False,BlockL1-SK0,BlockL2-SR1,BlockL3-SR4,,
http://id.who.int/icd/entity/1008667446,http://id.who.int/icd/release/11/mms/1008667446,SR5A,,- - - - - Derangement of channels of faeces pattern (TM2),category,1,False,26,browser,True,False,BlockL1-SK0,BlockL2-SR1,BlockL3-SR4,,
http://id.who.int/icd/entity/1653118101,http://id.who.int/icd/release/11/mms/1653118101,SR5B,,- - - - - Derangement of urinary tract pattern (TM2),category,1,False,26,browser,True,False,BlockL1-SK0,BlockL2-SR1,BlockL3-SR4,,
http://id.who.int/icd/entity/947841610,http://id.who.int/icd/release/11/mms/947841610,SR5C,,- - - - - Derangement of channels producing sweat pattern (TM2),category,1,False,26,browser,True,False,BlockL1-SK0,BlockL2-SR1,BlockL3-SR4,,
http://id.who.int/icd/entity/1117003321,http://id.who.int/icd/release/11/mms/1117003321,SR5D,,- - - - - Derangement of channels enriching breast milk pattern (TM2),category,1,False,26,browser,True,False,BlockL1-SK0,BlockL2-SR1,BlockL3-SR4,,
http://id.who.int/icd/entity/761635986,http://id.who.int/icd/release/11/mms/761635986,SR5E,,- - - - - Derangement of mind related channels pattern (TM2),category,1,False,26,browser,True,False,BlockL1-SK0,BlockL2-SR1,BlockL3-SR4,,
,http://id.who.int/icd/release/11/mms/177315691/other,SR5Y,,- - - - - Other specified derangement of channels pattern (TM2),category,1,True,26,browser,True,False,BlockL1-SK0,BlockL2-SR1,BlockL3-SR4,,
,http://id.who.int/icd/release/11/mms/177315691/unspecified,SR5Z,,"- - - - - Derangement of channels pattern (TM2), unspecified",category,1,True,26,browser,True,False,BlockL1-SK0,BlockL2-SR1,BlockL3-SR4,,
http://id.who.int/icd/entity/200564055,http://id.who.int/icd/release/11/mms/200564055,SR60,,- - - - Increase of female reproductive tissue pattern (TM2),category,1,False,26,browser,True,False,BlockL1-SK0,BlockL2-SR1,BlockL3-SR4,,
http://id.who.int/icd/entity/1121142874,http://id.who.int/icd/release/11/mms/1121142874,SR61,,- - - - Decrease of female reproductive tissue pattern (TM2),category,1,False,26,browser,True,False,BlockL1-SK0,BlockL2-SR1,BlockL3-SR4,,
http://id.who.int/icd/entity/1214181174,http://id.who.int/icd/release/11/mms/1214181174,SR62,,- - - - Pattern resulting in abnormal number of organs and appendages (TM2),category,1,False,26,browser,True,False,BlockL1-SK0,BlockL2-SR1,BlockL3-SR4,,
http://id.who.int/icd/entity/1474380908,http://id.who.int/icd/release/11/mms/1474380908,SR63,,- - - - Pattern of abnormal positioning of organs and appendages (TM2),category,1,False,26,browser,True,False,BlockL1-SK0,BlockL2-SR1,BlockL3-SR4,,
http://id.who.int/icd/entity/701358353,http://id.who.int/icd/release/11/mms/701358353,SR64,,- - - - Pattern of abnormal relative position of organs (TM2),category,1,False,26,browser,True,False,BlockL1-SK0,BlockL2-SR1,BlockL3-SR4,,
http://id.who.int/icd/entity/378222711,http://id.who.int/icd/release/11/mms/378222711,SR65,,- - - - Loss of continuity pattern (TM2),category,1,False,26,browser,True,False,BlockL1-SK0,BlockL2-SR1,BlockL3-SR4,,
http://id.who.int/icd/entity/742862033,http://id.who.int/icd/release/11/mms/742862033,SR66,,- - - - Rīḥ pattern (TM2),category,1,False,26,browser,True,False,BlockL1-SK0,BlockL2-SR1,BlockL3-SR4,,
http://id.who.int/icd/entity/752917665,http://id.who.int/icd/release/11/mms/752917665,SR67,,- - - - Bukhārāt pattern (TM2),category,1,False,26,browser,True,False,BlockL1-SK0,BlockL2-SR1,BlockL3-SR4,,
http://id.who.int/icd/entity/49248323,http://id.who.int/icd/release/11/mms/49248323,SR68,,- - - - Compound pattern (TM2),category,1,False,26,browser,True,False,BlockL1-SK0,BlockL2-SR1,BlockL3-SR4,,
http://id.who.int/icd/entity/140697391,http://id.who.int/icd/release/11/mms/140697391,SR69,,- - - - Pattern of quantity (TM2),category,1,False,26,browser,True,False,BlockL1-SK0,BlockL2-SR1,BlockL3-SR4,,
,http://id.who.int/icd/release/11/mms/1029251439/other,SR6Y,,- - - - Other specified physical constituent derangement patterns (TM2),category,1,True,26,browser,True,False,BlockL1-SK0,BlockL2-SR1,BlockL3-SR4,,
,http://id.who.int/icd/release/11/mms/1029251439/unspecified,SR6Z,,"- - - - Physical constituent derangement patterns (TM2), unspecified",category,1,True,26,browser,True,False,BlockL1-SK0,BlockL2-SR1,BlockL3-SR4,,
http://id.who.int/icd/entity/936674819,http://id.who.int/icd/release/11/mms/936674819,,BlockL3-SR8,- - - Excretory products derangement patterns (TM2),block,3,False,26,browser,False,,BlockL1-SK0,BlockL2-SR1,,,
http://id.who.int/icd/entity/886991837,http://id.who.int/icd/release/11/mms/886991837,SR80,,- - - - Morbid increase of feces pattern (TM2),category,1,False,26,browser,True,False,BlockL1-SK0,BlockL2-SR1,BlockL3-SR8,,
http://id.who.int/icd/entity/726172265,http://id.who.int/icd/release/11/mms/726172265,SR81,,- - - - Depletion of faeces pattern (TM2),category,1,False,26,browser,True,False,BlockL1-SK0,BlockL2-SR1,BlockL3-SR8,,
http://id.who.int/icd/entity/566568197,http://id.who.int/icd/release/11/mms/566568197,SR82,,- - - - Excessive urine pattern (TM2),category,1,False,26,browser,True,False,BlockL1-SK0,BlockL2-SR1,BlockL3-SR8,,
http://id.who.int/icd/entity/342184193,http://id.who.int/icd/release/11/mms/342184193,SR83,,- - - - Reduced urine pattern (TM2),category,1,False,26,browser,True,False,BlockL1-SK0,BlockL2-SR1,BlockL3-SR8,,
http://id.who.int/icd/entity/1580383332,http://id.who.int/icd/release/11/mms/1580383332,SR84,,- - - - Hyperhidrosis pattern (TM2),category,1,False,26,browser,True,False,BlockL1-SK0,BlockL2-SR1,BlockL3-SR8,,
http://id.who.int/icd/entity/834864845,http://id.who.int/icd/release/11/mms/834864845,SR85,,- - - - Anhidrosis pattern (TM2),category,1,False,26,browser,True,False,BlockL1-SK0,BlockL2-SR1,BlockL3-SR8,,
http://id.who.int/icd/entity/1079388964,http://id.who.int/icd/release/11/mms/1079388964,SR86,,- - - - Faeces with undigested food residues pattern (TM2),category,1,False,26,browser,True,False,BlockL1-SK0,BlockL2-SR1,BlockL3-SR8,,
http://id.who.int/icd/entity/540498935,http://id.who.int/icd/release/11/mms/540498935,SR87,,- - - - Urine of over heat pattern (TM2),category,1,False,26,browser,True,False,BlockL1-SK0,BlockL2-SR1,BlockL3-SR8,,
http://id.who.int/icd/entity/892081455,http://id.who.int/icd/release/11/mms/892081455,SR88,,- - - - Urine colour of excessive cold pattern (TM2),category,1,False,26,browser,True,False,BlockL1-SK0,BlockL2-SR1,BlockL3-SR8,,
http://id.who.int/icd/entity/831619857,http://id.who.int/icd/release/11/mms/831619857,SR89,,"- - - - Urine colour of excessive depravement of Vaḷi, Aẕal and Aiyam pattern (TM2)",category,1,False,26,browser,True,False,BlockL1-SK0,BlockL2-SR1,BlockL3-SR8,,
http://id.who.int/icd/entity/329556666,http://id.who.int/icd/release/11/mms/329556666,SR8A,,- - - - Urine like colour of raw-meat washings pattern (TM2),category,1,False,26,browser,True,False,BlockL1-SK0,BlockL2-SR1,BlockL3-SR8,,
http://id.who.int/icd/entity/2085951505,http://id.who.int/icd/release/11/mms/2085951505,SR8B,,- - - - Delayed passing of stool pattern (TM2),category,1,False,26,browser,True,False,BlockL1-SK0,BlockL2-SR1,BlockL3-SR8,,
http://id.who.int/icd/entity/113241186,http://id.who.int/icd/release/11/mms/113241186,SR8C,,- - - - Dry stool pattern (TM2),category,1,False,26,browser,True,False,BlockL1-SK0,BlockL2-SR1,BlockL3-SR8,,
http://id.who.int/icd/entity/1548325565,http://id.who.int/icd/release/11/mms/1548325565,SR8D,,- - - - Larger quantity of stool pattern (TM2),category,1,False,26,browser,True,False,BlockL1-SK0,BlockL2-SR1,BlockL3-SR8,,
http://id.who.int/icd/entity/965885706,http://id.who.int/icd/release/11/mms/965885706,SR8E,,- - - - Sharp smelling sweat pattern (TM2),category,1,False,26,browser,True,False,BlockL1-SK0,BlockL2-SR1,BlockL3-SR8,,
http://id.who.int/icd/entity/381276074,http://id.who.int/icd/release/11/mms/381276074,SR8F,,- - - - Sour smelling sweat pattern (TM2),category,1,False,26,browser,True,False,BlockL1-SK0,BlockL2-SR1,BlockL3-SR8,,
http://id.who.int/icd/entity/473196742,http://id.who.int/icd/release/11/mms/473196742,SR8G,,- - - - Sweat of thick consistency pattern (TM2),category,1,False,26,browser,True,False,BlockL1-SK0,BlockL2-SR1,BlockL3-SR8,,
http://id.who.int/icd/entity/1117419703,http://id.who.int/icd/release/11/mms/1117419703,SR8H,,- - - - Sweat of thin consistency pattern (TM2),category,1,False,26,browser,True,False,BlockL1-SK0,BlockL2-SR1,BlockL3-SR8,,
http://id.who.int/icd/entity/1209524187,http://id.who.int/icd/release/11/mms/1209524187,SR8J,,- - - - Lack of sweat pattern (TM2),category,1,False,26,browser,True,False,BlockL1-SK0,BlockL2-SR1,BlockL3-SR8,,
http://id.who.int/icd/entity/859232908,http://id.who.int/icd/release/11/mms/859232908,SR8K,,- - - - Excess of sputum pattern (TM2),category,1,False,26,browser,True,False,BlockL1-SK0,BlockL2-SR1,BlockL3-SR8,,
http://id.who.int/icd/entity/1839285547,http://id.who.int/icd/release/11/mms/1839285547,SR8L,,- - - - Lack of sputum pattern (TM2),category,1,False,26,browser,True,False,BlockL1-SK0,BlockL2-SR1,BlockL3-SR8,,
http://id.who.int/icd/entity/38862722,http://id.who.int/icd/release/11/mms/38862722,SR8M,,- - - - Moderate quantity of sputum during convalescence pattern (TM2),category,1,False,26,browser,True,False,BlockL1-SK0,BlockL2-SR1,BlockL3-SR8,,
http://id.who.int/icd/entity/855322869,http://id.who.int/icd/release/11/mms/855322869,SR8N,,- - - - Excess of sweat pattern due to decreased vitality (TM2),category,1,False,26,browser,True,False,BlockL1-SK0,BlockL2-SR1,BlockL3-SR8,,
,http://id.who.int/icd/release/11/mms/936674819/other,SR8Y,,- - - - Other specified excretory products derangement patterns (TM2),category,1,True,26,browser,True,False,BlockL1-SK0,BlockL2-SR1,BlockL3-SR8,,
,http://id.who.int/icd/release/11/mms/936674819/unspecified,SR8Z,,"- - - - Excretory products derangement patterns (TM2), unspecified",category,1,True,26,browser,True,False,BlockL1-SK0,BlockL2-SR1,BlockL3-SR8,,
http://id.who.int/icd/entity/862523453,http://id.who.int/icd/release/11/mms/862523453,,BlockL3-SS1,- - - Power derangement and chronic accumulation patterns (TM2),block,3,False,26,browser,False,,BlockL1-SK0,BlockL2-SR1,,,
http://id.who.int/icd/entity/1314209579,http://id.who.int/icd/release/11/mms/1314209579,,BlockL4-SS1,- - - - Digestive fire based patterns (TM2),block,4,False,26,browser,False,,BlockL1-SK0,BlockL2-SR1,BlockL3-SS1,,
http://id.who.int/icd/entity/992936232,http://id.who.int/icd/release/11/mms/992936232,SS10,,- - - - - Derangement of digestive power pattern (TM2),category,1,False,26,browser,True,False,BlockL1-SK0,BlockL2-SR1,BlockL3-SS1,,
http://id.who.int/icd/entity/1182100309,http://id.who.int/icd/release/11/mms/1182100309,SS11,,- - - - - Irregular digestive power pattern (TM2),category,1,False,26,browser,True,False,BlockL1-SK0,BlockL2-SR1,BlockL3-SS1,,
http://id.who.int/icd/entity/577058754,http://id.who.int/icd/release/11/mms/577058754,SS12,,- - - - - Elevated digestive power pattern (TM2),category,1,False,26,browser,True,False,BlockL1-SK0,BlockL2-SR1,BlockL3-SS1,,
http://id.who.int/icd/entity/686330030,http://id.who.int/icd/release/11/mms/686330030,SS13,,- - - - - Subdued digestive power pattern (TM2),category,1,False,26,browser,True,False,BlockL1-SK0,BlockL2-SR1,BlockL3-SS1,,
http://id.who.int/icd/entity/676274396,http://id.who.int/icd/release/11/mms/676274396,SS14,,- - - - - Highly elevated digestive power pattern (TM2),category,1,False,26,browser,True,False,BlockL1-SK0,BlockL2-SR1,BlockL3-SS1,,
http://id.who.int/icd/entity/993846783,http://id.who.int/icd/release/11/mms/993846783,SS15,,"- - - - - State of incomplete digestion, transformation or metabolism pattern (TM2)",category,1,False,26,browser,True,False,BlockL1-SK0,BlockL2-SR1,BlockL3-SS1,,
http://id.who.int/icd/entity/774351655,http://id.who.int/icd/release/11/mms/774351655,SS16,,- - - - - Natural digestive fire pattern (TM2),category,1,False,26,browser,True,False,BlockL1-SK0,BlockL2-SR1,BlockL3-SS1,,
http://id.who.int/icd/entity/1274807956,http://id.who.int/icd/release/11/mms/1274807956,SS17,,- - - - - Strong digestive fire pattern (TM2),category,1,False,26,browser,True,False,BlockL1-SK0,BlockL2-SR1,BlockL3-SS1,,
http://id.who.int/icd/entity/636424181,http://id.who.int/icd/release/11/mms/636424181,SS18,,- - - - - Toxic digestive fire pattern (TM2),category,1,False,26,browser,True,False,BlockL1-SK0,BlockL2-SR1,BlockL3-SS1,,
http://id.who.int/icd/entity/794994841,http://id.who.int/icd/release/11/mms/794994841,SS19,,- - - - - Weak digestive fire pattern (TM2),category,1,False,26,browser,True,False,BlockL1-SK0,BlockL2-SR1,BlockL3-SS1,,
,http://id.who.int/icd/release/11/mms/1314209579/other,SS1Y,,- - - - - Other specified digestive fire based patterns (TM2),category,1,True,26,browser,True,False,BlockL1-SK0,BlockL2-SR1,BlockL3-SS1,,
,http://id.who.int/icd/release/11/mms/1314209579/unspecified,SS1Z,,"- - - - - Digestive fire based patterns (TM2), unspecified",category,1,True,26,browser,True,False,BlockL1-SK0,BlockL2-SR1,BlockL3-SS1,,
http://id.who.int/icd/entity/730763934,http://id.who.int/icd/release/11/mms/730763934,,BlockL4-SS2,- - - - Chronic accumulation patterns (TM2),block,4,False,26,browser,False,,BlockL1-SK0,BlockL2-SR1,BlockL3-SS1,,
http://id.who.int/icd/entity/616163476,http://id.who.int/icd/release/11/mms/616163476,SS20,,- - - - - Suppression of breath pattern (TM2),category,1,False,26,browser,True,False,BlockL1-SK0,BlockL2-SR1,BlockL3-SS1,,
http://id.who.int/icd/entity/1265824780,http://id.who.int/icd/release/11/mms/1265824780,SS21,,- - - - - Suppression of yawning pattern (TM2),category,1,False,26,browser,True,False,BlockL1-SK0,BlockL2-SR1,BlockL3-SS1,,
http://id.who.int/icd/entity/1107252064,http://id.who.int/icd/release/11/mms/1107252064,SS22,,- - - - - Suppression of hunger and thirst together pattern (TM2),category,1,False,26,browser,True,False,BlockL1-SK0,BlockL2-SR1,BlockL3-SS1,,
http://id.who.int/icd/entity/1096344338,http://id.who.int/icd/release/11/mms/1096344338,SS23,,- - - - - Suppression of semen pattern (TM2),category,1,False,26,browser,True,False,BlockL1-SK0,BlockL2-SR1,BlockL3-SS1,,
http://id.who.int/icd/entity/1476669356,http://id.who.int/icd/release/11/mms/1476669356,SS24,,- - - - - Suppression of cough pattern (TM2),category,1,False,26,browser,True,False,BlockL1-SK0,BlockL2-SR1,BlockL3-SS1,,
http://id.who.int/icd/entity/49434993,http://id.who.int/icd/release/11/mms/49434993,SS25,,- - - - - Suppression of micturition pattern (TM2),category,1,False,26,browser,True,False,BlockL1-SK0,BlockL2-SR1,BlockL3-SS1,,
http://id.who.int/icd/entity/2014881026,http://id.who.int/icd/release/11/mms/2014881026,SS26,,- - - - - Suppression of sleep pattern (TM2),category,1,False,26,browser,True,False,BlockL1-SK0,BlockL2-SR1,BlockL3-SS1,,
http://id.who.int/icd/entity/401153961,http://id.who.int/icd/release/11/mms/401153961,SS27,,- - - - - Suppression of sneeze pattern (TM2),category,1,False,26,browser,True,False,BlockL1-SK0,BlockL2-SR1,BlockL3-SS1,,
http://id.who.int/icd/entity/1915925020,http://id.who.int/icd/release/11/mms/1915925020,SS28,,- - - - - Suppression of tears pattern (TM2),category,1,False,26,browser,True,False,BlockL1-SK0,BlockL2-SR1,BlockL3-SS1,,
http://id.who.int/icd/entity/1989092388,http://id.who.int/icd/release/11/mms/1989092388,SS29,,- - - - - Suppression of vomiting pattern (TM2),category,1,False,26,browser,True,False,BlockL1-SK0,BlockL2-SR1,BlockL3-SS1,,
http://id.who.int/icd/entity/1020840263,http://id.who.int/icd/release/11/mms/1020840263,SS2A,,- - - - - Suppression of stool pattern (TM2),category,1,False,26,browser,True,False,BlockL1-SK0,BlockL2-SR1,BlockL3-SS1,,
http://id.who.int/icd/entity/1804331710,http://id.who.int/icd/release/11/mms/1804331710,SS2B,,- - - - - Supression of exertional hyperpnea pattern (TM2),category,1,False,26,browser,True,False,BlockL1-SK0,BlockL2-SR1,BlockL3-SS1,,
http://id.who.int/icd/entity/1627803090,http://id.who.int/icd/release/11/mms/1627803090,SS2C,,- - - - - Suppression of hunger pattern (TM2),category,1,False,26,browser,True,False,BlockL1-SK0,BlockL2-SR1,BlockL3-SS1,,
http://id.who.int/icd/entity/438782083,http://id.who.int/icd/release/11/mms/438782083,SS2D,,- - - - - Suppression of thirst pattern (TM2),category,1,False,26,browser,True,False,BlockL1-SK0,BlockL2-SR1,BlockL3-SS1,,
http://id.who.int/icd/entity/1349559782,http://id.who.int/icd/release/11/mms/1349559782,SS2E,,- - - - - Suppression of flatus pattern (TM2),category,1,False,26,browser,True,False,BlockL1-SK0,BlockL2-SR1,BlockL3-SS1,,
http://id.who.int/icd/entity/676725250,http://id.who.int/icd/release/11/mms/676725250,SS2F,,- - - - - Pattern of humour accumulated with air (TM2),category,1,False,26,browser,True,False,BlockL1-SK0,BlockL2-SR1,BlockL3-SS1,,
http://id.who.int/icd/entity/1388115571,http://id.who.int/icd/release/11/mms/1388115571,SS2G,,- - - - - Pattern of humour accumulated with excess cold (TM2),category,1,False,26,browser,True,False,BlockL1-SK0,BlockL2-SR1,BlockL3-SS1,,
http://id.who.int/icd/entity/1187772923,http://id.who.int/icd/release/11/mms/1187772923,SS2H,,- - - - - Pattern of humour accumulated with excess heat (TM2),category,1,False,26,browser,True,False,BlockL1-SK0,BlockL2-SR1,BlockL3-SS1,,
,http://id.who.int/icd/release/11/mms/730763934/other,SS2Y,,- - - - - Other specified chronic accumulation patterns (TM2),category,1,True,26,browser,True,False,BlockL1-SK0,BlockL2-SR1,BlockL3-SS1,,
,http://id.who.int/icd/release/11/mms/730763934/unspecified,SS2Z,,"- - - - - Chronic accumulation patterns (TM2), unspecified",category,1,True,26,browser,True,False,BlockL1-SK0,BlockL2-SR1,BlockL3-SS1,,
http://id.who.int/icd/entity/832742988,http://id.who.int/icd/release/11/mms/832742988,,BlockL4-SS3,- - - - Power derangement patterns (TM2),block,4,False,26,browser,False,,BlockL1-SK0,BlockL2-SR1,BlockL3-SS1,,
http://id.who.int/icd/entity/775180288,http://id.who.int/icd/release/11/mms/775180288,SS30,,- - - - - Physical faculties derangement pattern (TM2),category,1,False,26,browser,True,False,BlockL1-SK0,BlockL2-SR1,BlockL3-SS1,,
http://id.who.int/icd/entity/682608335,http://id.who.int/icd/release/11/mms/682608335,SS31,,- - - - - Nutritive faculty derangement pattern (TM2),category,1,False,26,browser,True,False,BlockL1-SK0,BlockL2-SR1,BlockL3-SS1,,
http://id.who.int/icd/entity/1380266686,http://id.who.int/icd/release/11/mms/1380266686,SS32,,- - - - - Collecting faculty derangement pattern (TM2),category,1,False,26,browser,True,False,BlockL1-SK0,BlockL2-SR1,BlockL3-SS1,,
http://id.who.int/icd/entity/1035241495,http://id.who.int/icd/release/11/mms/1035241495,SS33,,- - - - - Adhesive faculty derangement pattern (TM2),category,1,False,26,browser,True,False,BlockL1-SK0,BlockL2-SR1,BlockL3-SS1,,
http://id.who.int/icd/entity/1483679140,http://id.who.int/icd/release/11/mms/1483679140,SS34,,- - - - - Assimilation faculty derangement pattern (TM2),category,1,False,26,browser,True,False,BlockL1-SK0,BlockL2-SR1,BlockL3-SS1,,
http://id.who.int/icd/entity/1451451316,http://id.who.int/icd/release/11/mms/1451451316,SS35,,- - - - - Absorptive faculty derangement pattern (TM2),category,1,False,26,browser,True,False,BlockL1-SK0,BlockL2-SR1,BlockL3-SS1,,
http://id.who.int/icd/entity/1544471776,http://id.who.int/icd/release/11/mms/1544471776,SS36,,- - - - - Retentive faculty derangement pattern (TM2),category,1,False,26,browser,True,False,BlockL1-SK0,BlockL2-SR1,BlockL3-SS1,,
http://id.who.int/icd/entity/1134046572,http://id.who.int/icd/release/11/mms/1134046572,SS37,,- - - - - Digestive faculty derangement pattern (TM2),category,1,False,26,browser,True,False,BlockL1-SK0,BlockL2-SR1,BlockL3-SS1,,
http://id.who.int/icd/entity/1226148360,http://id.who.int/icd/release/11/mms/1226148360,SS38,,- - - - - Expulsive faculty derangement pattern (TM2),category,1,False,26,browser,True,False,BlockL1-SK0,BlockL2-SR1,BlockL3-SS1,,
http://id.who.int/icd/entity/143311793,http://id.who.int/icd/release/11/mms/143311793,SS39,,- - - - - Growth faculty derangement pattern (TM2),category,1,False,26,browser,True,False,BlockL1-SK0,BlockL2-SR1,BlockL3-SS1,,
http://id.who.int/icd/entity/1121791700,http://id.who.int/icd/release/11/mms/1121791700,SS3A,,- - - - - Reproductive faculties derangement pattern (TM2),category,1,False,26,browser,True,False,BlockL1-SK0,BlockL2-SR1,BlockL3-SS1,,
http://id.who.int/icd/entity/1453990238,http://id.who.int/icd/release/11/mms/1453990238,SS3B,,- - - - - Vital faculty derangement pattern (TM2),category,1,False,26,browser,True,False,BlockL1-SK0,BlockL2-SR1,BlockL3-SS1,,
http://id.who.int/icd/entity/742446381,http://id.who.int/icd/release/11/mms/742446381,SS3C,,- - - - - Psychic faculties derangement pattern (TM2),category,1,False,26,browser,True,False,BlockL1-SK0,BlockL2-SR1,BlockL3-SS1,,
http://id.who.int/icd/entity/1135701894,http://id.who.int/icd/release/11/mms/1135701894,SS3D,,- - - - - Debility of organs pattern (TM2),category,1,False,26,browser,True,False,BlockL1-SK0,BlockL2-SR1,BlockL3-SS1,,
http://id.who.int/icd/entity/1333841630,http://id.who.int/icd/release/11/mms/1333841630,SS3E,,- - - - - Innate heat weakness pattern (TM2),category,1,False,26,browser,True,False,BlockL1-SK0,BlockL2-SR1,BlockL3-SS1,,
http://id.who.int/icd/entity/544306293,http://id.who.int/icd/release/11/mms/544306293,SS3F,,- - - - - Disruption of innate heat pattern (TM2),category,1,False,26,browser,True,False,BlockL1-SK0,BlockL2-SR1,BlockL3-SS1,,
http://id.who.int/icd/entity/643875805,http://id.who.int/icd/release/11/mms/643875805,SS3G,,- - - - - Weakness of psychic spirit pattern (TM2),category,1,False,26,browser,True,False,BlockL1-SK0,BlockL2-SR1,BlockL3-SS1,,
http://id.who.int/icd/entity/840420437,http://id.who.int/icd/release/11/mms/840420437,SS3H,,- - - - - Weakness of natural spirit pattern (TM2),category,1,False,26,browser,True,False,BlockL1-SK0,BlockL2-SR1,BlockL3-SS1,,
http://id.who.int/icd/entity/1473012194,http://id.who.int/icd/release/11/mms/1473012194,SS3J,,- - - - - Weakness of vital spirit pattern (TM2),category,1,False,26,browser,True,False,BlockL1-SK0,BlockL2-SR1,BlockL3-SS1,,
,http://id.who.int/icd/release/11/mms/832742988/other,SS3Y,,- - - - - Other specified power derangement patterns (TM2),category,1,True,26,browser,True,False,BlockL1-SK0,BlockL2-SR1,BlockL3-SS1,,
,http://id.who.int/icd/release/11/mms/832742988/unspecified,SS3Z,,"- - - - - Power derangement patterns (TM2), unspecified",category,1,True,26,browser,True,False,BlockL1-SK0,BlockL2-SR1,BlockL3-SS1,,
,http://id.who.int/icd/release/11/mms/862523453/other,SS4Y,,- - - - Other specified power derangement and chronic accumulation patterns (TM2),category,1,True,26,browser,True,False,BlockL1-SK0,BlockL2-SR1,BlockL3-SS1,,
,http://id.who.int/icd/release/11/mms/862523453/unspecified,SS4Z,,"- - - - Power derangement and chronic accumulation patterns (TM2), unspecified",category,1,True,26,browser,True,False,BlockL1-SK0,BlockL2-SR1,BlockL3-SS1,,
http://id.who.int/icd/entity/1233380430,http://id.who.int/icd/release/11/mms/1233380430,,BlockL3-SS5,- - - Body constitution and temperament patterns (TM2),block,3,False,26,browser,False,,BlockL1-SK0,BlockL2-SR1,,,
http://id.who.int/icd/entity/1873479241,http://id.who.int/icd/release/11/mms/1873479241,,BlockL4-SS5,- - - - Constitution patterns (TM2),block,4,False,26,browser,False,,BlockL1-SK0,BlockL2-SR1,BlockL3-SS5,,
http://id.who.int/icd/entity/658701543,http://id.who.int/icd/release/11/mms/658701543,SS50,,- - - - - Vata constitution pattern (TM2),category,1,False,26,browser,True,False,BlockL1-SK0,BlockL2-SR1,BlockL3-SS5,,
http://id.who.int/icd/entity/349647566,http://id.who.int/icd/release/11/mms/349647566,SS51,,- - - - - Pitta constitution pattern (TM2),category,1,False,26,browser,True,False,BlockL1-SK0,BlockL2-SR1,BlockL3-SS5,,
http://id.who.int/icd/entity/509253026,http://id.who.int/icd/release/11/mms/509253026,SS52,,- - - - - Kapha constitution pattern (TM2),category,1,False,26,browser,True,False,BlockL1-SK0,BlockL2-SR1,BlockL3-SS5,,
http://id.who.int/icd/entity/1702596851,http://id.who.int/icd/release/11/mms/1702596851,SS53,,- - - - - Vata-Pitta constitution pattern (TM2),category,1,False,26,browser,True,False,BlockL1-SK0,BlockL2-SR1,BlockL3-SS5,,
http://id.who.int/icd/entity/791444886,http://id.who.int/icd/release/11/mms/791444886,SS54,,- - - - - Pitta-Kapha constitution pattern (TM2),category,1,False,26,browser,True,False,BlockL1-SK0,BlockL2-SR1,BlockL3-SS5,,
http://id.who.int/icd/entity/1088276287,http://id.who.int/icd/release/11/mms/1088276287,SS55,,- - - - - Kapha-Vata constitution pattern (TM2),category,1,False,26,browser,True,False,BlockL1-SK0,BlockL2-SR1,BlockL3-SS5,,
http://id.who.int/icd/entity/976696142,http://id.who.int/icd/release/11/mms/976696142,SS56,,- - - - - Body constitution with a predominance of all three dosha pattern (TM2),category,1,False,26,browser,True,False,BlockL1-SK0,BlockL2-SR1,BlockL3-SS5,,
http://id.who.int/icd/entity/1623281043,http://id.who.int/icd/release/11/mms/1623281043,SS57,,- - - - - Vaḷi body constitution pattern (TM2),category,1,False,26,browser,True,False,BlockL1-SK0,BlockL2-SR1,BlockL3-SS5,,
http://id.who.int/icd/entity/85647398,http://id.who.int/icd/release/11/mms/85647398,SS58,,- - - - - Aẕal body constitution pattern (TM2),category,1,False,26,browser,True,False,BlockL1-SK0,BlockL2-SR1,BlockL3-SS5,,
http://id.who.int/icd/entity/1056006724,http://id.who.int/icd/release/11/mms/1056006724,SS59,,- - - - - Aiyam body constitution pattern (TM2),category,1,False,26,browser,True,False,BlockL1-SK0,BlockL2-SR1,BlockL3-SS5,,
http://id.who.int/icd/entity/880592176,http://id.who.int/icd/release/11/mms/880592176,SS5A,,- - - - - Vaḷi-predominant Aẕal body constitution pattern (TM2),category,1,False,26,browser,True,False,BlockL1-SK0,BlockL2-SR1,BlockL3-SS5,,
http://id.who.int/icd/entity/1792202077,http://id.who.int/icd/release/11/mms/1792202077,SS5B,,- - - - - Vaḷi-predominant Aiyam body constitution pattern (TM2),category,1,False,26,browser,True,False,BlockL1-SK0,BlockL2-SR1,BlockL3-SS5,,
http://id.who.int/icd/entity/1616867889,http://id.who.int/icd/release/11/mms/1616867889,SS5C,,- - - - - Aẕal-predominant Vaḷi body constitution pattern (TM2),category,1,False,26,browser,True,False,BlockL1-SK0,BlockL2-SR1,BlockL3-SS5,,
http://id.who.int/icd/entity/461272930,http://id.who.int/icd/release/11/mms/461272930,SS5D,,- - - - - Aẕal-predominant Aiyam body constitution pattern (TM2),category,1,False,26,browser,True,False,BlockL1-SK0,BlockL2-SR1,BlockL3-SS5,,
http://id.who.int/icd/entity/1361680901,http://id.who.int/icd/release/11/mms/1361680901,SS5E,,- - - - - Aiya-predominant Aẕal body constitution pattern (TM2),category,1,False,26,browser,True,False,BlockL1-SK0,BlockL2-SR1,BlockL3-SS5,,
http://id.who.int/icd/entity/1054351534,http://id.who.int/icd/release/11/mms/1054351534,SS5F,,- - - - - Aiya-predominant Vaḷi body constitution pattern (TM2),category,1,False,26,browser,True,False,BlockL1-SK0,BlockL2-SR1,BlockL3-SS5,,
,http://id.who.int/icd/release/11/mms/1873479241/other,SS5Y,,- - - - - Other specified constitution patterns (TM2),category,1,True,26,browser,True,False,BlockL1-SK0,BlockL2-SR1,BlockL3-SS5,,
,http://id.who.int/icd/release/11/mms/1873479241/unspecified,SS5Z,,"- - - - - Constitution patterns (TM2), unspecified",category,1,True,26,browser,True,False,BlockL1-SK0,BlockL2-SR1,BlockL3-SS5,,
http://id.who.int/icd/entity/640597431,http://id.who.int/icd/release/11/mms/640597431,,BlockL4-SS6,- - - - Personality patterns (TM2),block,4,False,26,browser,False,,BlockL1-SK0,BlockL2-SR1,BlockL3-SS5,,
http://id.who.int/icd/entity/1411723271,http://id.who.int/icd/release/11/mms/1411723271,SS60,,"- - - - - Personality with a calm, composed mindset (TM2)",category,1,False,26,browser,True,False,BlockL1-SK0,BlockL2-SR1,BlockL3-SS5,,
http://id.who.int/icd/entity/785368182,http://id.who.int/icd/release/11/mms/785368182,SS61,,"- - - - - Personality with an agitated, reactive mindset (TM2)",category,1,False,26,browser,True,False,BlockL1-SK0,BlockL2-SR1,BlockL3-SS5,,
http://id.who.int/icd/entity/712135242,http://id.who.int/icd/release/11/mms/712135242,SS62,,"- - - - - Personality with a confused, negative mindset (TM2)",category,1,False,26,browser,True,False,BlockL1-SK0,BlockL2-SR1,BlockL3-SS5,,
,http://id.who.int/icd/release/11/mms/640597431/other,SS6Y,,- - - - - Other specified personality patterns (TM2),category,1,True,26,browser,True,False,BlockL1-SK0,BlockL2-SR1,BlockL3-SS5,,
,http://id.who.int/icd/release/11/mms/640597431/unspecified,SS6Z,,"- - - - - Personality patterns (TM2), unspecified",category,1,True,26,browser,True,False,BlockL1-SK0,BlockL2-SR1,BlockL3-SS5,,
http://id.who.int/icd/entity/844739135,http://id.who.int/icd/release/11/mms/844739135,,BlockL4-SS7,- - - - Temperament based patterns (TM2),block,4,False,26,browser,False,,BlockL1-SK0,BlockL2-SR1,BlockL3-SS5,,
http://id.who.int/icd/entity/570509115,http://id.who.int/icd/release/11/mms/570509115,SS70,,- - - - - Human temperament pattern (TM2),category,1,False,26,browser,True,False,BlockL1-SK0,BlockL2-SR1,BlockL3-SS5,,
http://id.who.int/icd/entity/220903323,http://id.who.int/icd/release/11/mms/220903323,SS71,,- - - - - Temperament according to age pattern (TM2),category,1,False,26,browser,True,False,BlockL1-SK0,BlockL2-SR1,BlockL3-SS5,,
http://id.who.int/icd/entity/758529335,http://id.who.int/icd/release/11/mms/758529335,SS72,,- - - - - Dam predominant temperament pattern (TM2),category,1,False,26,browser,True,False,BlockL1-SK0,BlockL2-SR1,BlockL3-SS5,,
http://id.who.int/icd/entity/666606171,http://id.who.int/icd/release/11/mms/666606171,SS73,,- - - - - Ṣafrā’ predominant temperament pattern (TM2),category,1,False,26,browser,True,False,BlockL1-SK0,BlockL2-SR1,BlockL3-SS5,,
http://id.who.int/icd/entity/656157227,http://id.who.int/icd/release/11/mms/656157227,SS74,,- - - - - Balgham predominant temperament pattern (TM2),category,1,False,26,browser,True,False,BlockL1-SK0,BlockL2-SR1,BlockL3-SS5,,
http://id.who.int/icd/entity/2039199114,http://id.who.int/icd/release/11/mms/2039199114,SS75,,- - - - - Sawdā’ predominant temperament pattern (TM2),category,1,False,26,browser,True,False,BlockL1-SK0,BlockL2-SR1,BlockL3-SS5,,
,http://id.who.int/icd/release/11/mms/844739135/other,SS7Y,,- - - - - Other specified temperament based patterns (TM2),category,1,True,26,browser,True,False,BlockL1-SK0,BlockL2-SR1,BlockL3-SS5,,
,http://id.who.int/icd/release/11/mms/844739135/unspecified,SS7Z,,"- - - - - Temperament based patterns (TM2), unspecified",category,1,True,26,browser,True,False,BlockL1-SK0,BlockL2-SR1,BlockL3-SS5,,
http://id.who.int/icd/entity/1219708494,http://id.who.int/icd/release/11/mms/1219708494,,BlockL4-SS8,- - - - Age dependent patterns (TM2),block,4,False,26,browser,False,,BlockL1-SK0,BlockL2-SR1,BlockL3-SS5,,
http://id.who.int/icd/entity/1379451626,http://id.who.int/icd/release/11/mms/1379451626,SS80,,- - - - - Kapha predominant age pattern (TM2),category,1,False,26,browser,True,False,BlockL1-SK0,BlockL2-SR1,BlockL3-SS5,,
http://id.who.int/icd/entity/2100700086,http://id.who.int/icd/release/11/mms/2100700086,SS81,,- - - - - Pitta predominant age pattern (TM2),category,1,False,26,browser,True,False,BlockL1-SK0,BlockL2-SR1,BlockL3-SS5,,
http://id.who.int/icd/entity/2008777946,http://id.who.int/icd/release/11/mms/2008777946,SS82,,- - - - - Vata predominant age pattern (TM2),category,1,False,26,browser,True,False,BlockL1-SK0,BlockL2-SR1,BlockL3-SS5,,
http://id.who.int/icd/entity/330029133,http://id.who.int/icd/release/11/mms/330029133,SS83,,- - - - - Childhood age pattern (TM2),category,1,False,26,browser,True,False,BlockL1-SK0,BlockL2-SR1,BlockL3-SS5,,
http://id.who.int/icd/entity/421953313,http://id.who.int/icd/release/11/mms/421953313,SS84,,- - - - - Adult age pattern (TM2),category,1,False,26,browser,True,False,BlockL1-SK0,BlockL2-SR1,BlockL3-SS5,,
http://id.who.int/icd/entity/427937617,http://id.who.int/icd/release/11/mms/427937617,SS85,,- - - - - Old age pattern (TM2),category,1,False,26,browser,True,False,BlockL1-SK0,BlockL2-SR1,BlockL3-SS5,,
http://id.who.int/icd/entity/1406542390,http://id.who.int/icd/release/11/mms/1406542390,SS86,,- - - - - Hot and moist predominant temperament age pattern (TM2),category,1,False,26,browser,True,False,BlockL1-SK0,BlockL2-SR1,BlockL3-SS5,,
http://id.who.int/icd/entity/153115881,http://id.who.int/icd/release/11/mms/153115881,SS87,,- - - - - Hot predominant temperament with lesser degree of moistness age pattern (TM2),category,1,False,26,browser,True,False,BlockL1-SK0,BlockL2-SR1,BlockL3-SS5,,
http://id.who.int/icd/entity/1942661272,http://id.who.int/icd/release/11/mms/1942661272,SS88,,- - - - - Cold and dry predominant temperament age pattern (TM2),category,1,False,26,browser,True,False,BlockL1-SK0,BlockL2-SR1,BlockL3-SS5,,
http://id.who.int/icd/entity/473633329,http://id.who.int/icd/release/11/mms/473633329,SS89,,- - - - - Cold predominant temperament with greater degree of dryness age pattern (TM2),category,1,False,26,browser,True,False,BlockL1-SK0,BlockL2-SR1,BlockL3-SS5,,
,http://id.who.int/icd/release/11/mms/1219708494/other,SS8Y,,- - - - - Other specified age dependent patterns (TM2),category,1,True,26,browser,True,False,BlockL1-SK0,BlockL2-SR1,BlockL3-SS5,,
,http://id.who.int/icd/release/11/mms/1219708494/unspecified,SS8Z,,"- - - - - Age dependent patterns (TM2), unspecified",category,1,True,26,browser,True,False,BlockL1-SK0,BlockL2-SR1,BlockL3-SS5,,
http://id.who.int/icd/entity/1781367943,http://id.who.int/icd/release/11/mms/1781367943,ST00,,- - - - Abnormal temperament pattern (TM2),category,1,False,26,browser,True,False,BlockL1-SK0,BlockL2-SR1,BlockL3-SS5,,
http://id.who.int/icd/entity/1787442423,http://id.who.int/icd/release/11/mms/1787442423,ST01,,- - - - Simple morbid temperament pattern (TM2),category,1,False,26,browser,True,False,BlockL1-SK0,BlockL2-SR1,BlockL3-SS5,,
http://id.who.int/icd/entity/551410066,http://id.who.int/icd/release/11/mms/551410066,ST02,,- - - - Simple abnormal temperament without substance pattern (TM2),category,1,False,26,browser,True,False,BlockL1-SK0,BlockL2-SR1,BlockL3-SS5,,
http://id.who.int/icd/entity/12669760,http://id.who.int/icd/release/11/mms/12669760,ST03,,- - - - Abnormal hot temperament pattern (TM2),category,1,False,26,browser,True,False,BlockL1-SK0,BlockL2-SR1,BlockL3-SS5,,
http://id.who.int/icd/entity/1865476503,http://id.who.int/icd/release/11/mms/1865476503,ST04,,- - - - Abnormal cold temperament pattern (TM2),category,1,False,26,browser,True,False,BlockL1-SK0,BlockL2-SR1,BlockL3-SS5,,
http://id.who.int/icd/entity/183190562,http://id.who.int/icd/release/11/mms/183190562,ST05,,- - - - Abnormal moist temperament pattern (TM2),category,1,False,26,browser,True,False,BlockL1-SK0,BlockL2-SR1,BlockL3-SS5,,
http://id.who.int/icd/entity/240570910,http://id.who.int/icd/release/11/mms/240570910,ST06,,- - - - Abnormal dry temperament pattern (TM2),category,1,False,26,browser,True,False,BlockL1-SK0,BlockL2-SR1,BlockL3-SS5,,
http://id.who.int/icd/entity/1354845629,http://id.who.int/icd/release/11/mms/1354845629,ST07,,- - - - Abnormal temperament associated with substance pattern (TM2),category,1,False,26,browser,True,False,BlockL1-SK0,BlockL2-SR1,BlockL3-SS5,,
http://id.who.int/icd/entity/1046263366,http://id.who.int/icd/release/11/mms/1046263366,ST08,,- - - - Abnormal hot temperament with substance pattern (TM2),category,1,False,26,browser,True,False,BlockL1-SK0,BlockL2-SR1,BlockL3-SS5,,
http://id.who.int/icd/entity/1370295533,http://id.who.int/icd/release/11/mms/1370295533,ST09,,- - - - Abnormal cold temperament with substance pattern (TM2),category,1,False,26,browser,True,False,BlockL1-SK0,BlockL2-SR1,BlockL3-SS5,,
http://id.who.int/icd/entity/880189784,http://id.who.int/icd/release/11/mms/880189784,ST0A,,- - - - Abnormal moist temperament with substance pattern (TM2),category,1,False,26,browser,True,False,BlockL1-SK0,BlockL2-SR1,BlockL3-SS5,,
http://id.who.int/icd/entity/777688462,http://id.who.int/icd/release/11/mms/777688462,ST0B,,- - - - Abnormal dry temperament with substance pattern (TM2),category,1,False,26,browser,True,False,BlockL1-SK0,BlockL2-SR1,BlockL3-SS5,,
http://id.who.int/icd/entity/618083042,http://id.who.int/icd/release/11/mms/618083042,ST0C,,- - - - Compound morbid temperament pattern (TM2),category,1,False,26,browser,True,False,BlockL1-SK0,BlockL2-SR1,BlockL3-SS5,,
http://id.who.int/icd/entity/994171734,http://id.who.int/icd/release/11/mms/994171734,ST0D,,- - - - Simple compound abnormal temperament pattern (TM2),category,1,False,26,browser,True,False,BlockL1-SK0,BlockL2-SR1,BlockL3-SS5,,
http://id.who.int/icd/entity/835484730,http://id.who.int/icd/release/11/mms/835484730,ST0E,,- - - - Simple hot and moist abnormal temperament pattern (TM2),category,1,False,26,browser,True,False,BlockL1-SK0,BlockL2-SR1,BlockL3-SS5,,
http://id.who.int/icd/entity/1884501391,http://id.who.int/icd/release/11/mms/1884501391,ST0F,,- - - - Simple hot and dry abnormal temperament pattern (TM2),category,1,False,26,browser,True,False,BlockL1-SK0,BlockL2-SR1,BlockL3-SS5,,
http://id.who.int/icd/entity/970362481,http://id.who.int/icd/release/11/mms/970362481,ST0G,,- - - - Simple cold and moist abnormal temperament pattern (TM2),category,1,False,26,browser,True,False,BlockL1-SK0,BlockL2-SR1,BlockL3-SS5,,
http://id.who.int/icd/entity/765559289,http://id.who.int/icd/release/11/mms/765559289,ST0H,,- - - - Simple cold and dry abnormal temperament pattern (TM2),category,1,False,26,browser,True,False,BlockL1-SK0,BlockL2-SR1,BlockL3-SS5,,
http://id.who.int/icd/entity/1464563080,http://id.who.int/icd/release/11/mms/1464563080,ST0J,,- - - - Compound abnormal temperament associated with substance pattern (TM2),category,1,False,26,browser,True,False,BlockL1-SK0,BlockL2-SR1,BlockL3-SS5,,
http://id.who.int/icd/entity/951766817,http://id.who.int/icd/release/11/mms/951766817,ST0K,,- - - - Abnormal hot and moist temperament associated with substance pattern (TM2),category,1,False,26,browser,True,False,BlockL1-SK0,BlockL2-SR1,BlockL3-SS5,,
http://id.who.int/icd/entity/1566663318,http://id.who.int/icd/release/11/mms/1566663318,ST0L,,- - - - Abnormal hot and dry temperament associated with substance pattern (TM2),category,1,False,26,browser,True,False,BlockL1-SK0,BlockL2-SR1,BlockL3-SS5,,
http://id.who.int/icd/entity/1196250688,http://id.who.int/icd/release/11/mms/1196250688,ST0M,,- - - - Abnormal cold and moist temperament associated with substance pattern (TM2),category,1,False,26,browser,True,False,BlockL1-SK0,BlockL2-SR1,BlockL3-SS5,,
http://id.who.int/icd/entity/1304490284,http://id.who.int/icd/release/11/mms/1304490284,ST0N,,- - - - Abnormal cold and dry temperament associated with substance pattern (TM2),category,1,False,26,browser,True,False,BlockL1-SK0,BlockL2-SR1,BlockL3-SS5,,
http://id.who.int/icd/entity/1381374104,http://id.who.int/icd/release/11/mms/1381374104,ST0P,,- - - - Stable abnormal temperament pattern (TM2),category,1,False,26,browser,True,False,BlockL1-SK0,BlockL2-SR1,BlockL3-SS5,,
http://id.who.int/icd/entity/1490796532,http://id.who.int/icd/release/11/mms/1490796532,ST0Q,,- - - - Unstable abnormal temperament pattern (TM2),category,1,False,26,browser,True,False,BlockL1-SK0,BlockL2-SR1,BlockL3-SS5,,
http://id.who.int/icd/entity/126177168,http://id.who.int/icd/release/11/mms/126177168,ST0R,,- - - - Thickening of moisture pattern (TM2),category,1,False,26,browser,True,False,BlockL1-SK0,BlockL2-SR1,BlockL3-SS5,,
http://id.who.int/icd/entity/682540848,http://id.who.int/icd/release/11/mms/682540848,ST0S,,- - - - Presence of foreign moisture pattern (TM2),category,1,False,26,browser,True,False,BlockL1-SK0,BlockL2-SR1,BlockL3-SS5,,
http://id.who.int/icd/entity/572725316,http://id.who.int/icd/release/11/mms/572725316,ST0T,,- - - - Thinning of moistures pattern (TM2),category,1,False,26,browser,True,False,BlockL1-SK0,BlockL2-SR1,BlockL3-SS5,,
http://id.who.int/icd/entity/145896834,http://id.who.int/icd/release/11/mms/145896834,ST0U,,- - - - Infection of moistures pattern (TM2),category,1,False,26,browser,True,False,BlockL1-SK0,BlockL2-SR1,BlockL3-SS5,,
http://id.who.int/icd/entity/226892412,http://id.who.int/icd/release/11/mms/226892412,ST0V,,- - - - Change of temperament of psychic Rūḥ pattern (TM2),category,1,False,26,browser,True,False,BlockL1-SK0,BlockL2-SR1,BlockL3-SS5,,
http://id.who.int/icd/entity/1994302498,http://id.who.int/icd/release/11/mms/1994302498,ST0W,,- - - - Predominance of hotness pattern (TM2),category,1,False,26,browser,True,False,BlockL1-SK0,BlockL2-SR1,BlockL3-SS5,,
http://id.who.int/icd/entity/1655286700,http://id.who.int/icd/release/11/mms/1655286700,ST0X,,- - - - Predominance of coldness pattern (TM2),category,1,False,26,browser,True,False,BlockL1-SK0,BlockL2-SR1,BlockL3-SS5,,
http://id.who.int/icd/entity/407068635,http://id.who.int/icd/release/11/mms/407068635,ST10,,- - - - Predominance of moistness pattern (TM2),category,1,False,26,browser,True,False,BlockL1-SK0,BlockL2-SR1,BlockL3-SS5,,
http://id.who.int/icd/entity/2008212852,http://id.who.int/icd/release/11/mms/2008212852,ST11,,- - - - Predominance of dryness pattern (TM2),category,1,False,26,browser,True,False,BlockL1-SK0,BlockL2-SR1,BlockL3-SS5,,
,http://id.who.int/icd/release/11/mms/1233380430/other,ST1Y,,- - - - Other specified body constitution and temperament patterns (TM2),category,1,True,26,browser,True,False,BlockL1-SK0,BlockL2-SR1,BlockL3-SS5,,
,http://id.who.int/icd/release/11/mms/1233380430/unspecified,ST1Z,,"- - - - Body constitution and temperament patterns (TM2), unspecified",category,1,True,26,browser,True,False,BlockL1-SK0,BlockL2-SR1,BlockL3-SS5,,
http://id.who.int/icd/entity/1576332228,http://id.who.int/icd/release/11/mms/1576332228,,BlockL3-ST2,- - - Varmam and Marmam patterns (TM2),block,3,False,26,browser,False,,BlockL1-SK0,BlockL2-SR1,,,
http://id.who.int/icd/entity/1742405136,http://id.who.int/icd/release/11/mms/1742405136,ST20,,- - - - Injury pattern in the varmam or marmam (TM2),category,1,False,26,browser,True,False,BlockL1-SK0,BlockL2-SR1,BlockL3-ST2,,
,http://id.who.int/icd/release/11/mms/1576332228/other,ST2Y,,- - - - Other specified varmam and Marmam patterns (TM2),category,1,True,26,browser,True,False,BlockL1-SK0,BlockL2-SR1,BlockL3-ST2,,
,http://id.who.int/icd/release/11/mms/1576332228/unspecified,ST2Z,,"- - - - Varmam and Marmam patterns (TM2), unspecified",category,1,True,26,browser,True,False,BlockL1-SK0,BlockL2-SR1,BlockL3-ST2,,
